[19-Mar-2026 13:53:44 UTC] MyPham Theme: Class MyPham\Core\Init not found
[19-Mar-2026 13:53:47 UTC] MyPham Theme: Class MyPham\Core\Init not found
[19-Mar-2026 13:53:47 UTC] MyPham Theme: Class MyPham\Core\Init not found
[19-Mar-2026 13:53:48 UTC] PHP Fatal error:  Uncaught Error: Call to undefined function wc_get_wishlist_url() in C:\xampp\htdocs\myphamskytechcongnguyen\wp-content\themes\MyPham\header.php:43
Stack trace:
#0 C:\xampp\htdocs\myphamskytechcongnguyen\wp-includes\template.php(814): require_once()
#1 C:\xampp\htdocs\myphamskytechcongnguyen\wp-includes\template.php(749): load_template('C:\\xampp\\htdocs...', true, Array)
#2 C:\xampp\htdocs\myphamskytechcongnguyen\wp-includes\general-template.php(48): locate_template(Array, true, true, Array)
#3 C:\xampp\htdocs\myphamskytechcongnguyen\wp-content\themes\MyPham\front-page.php(1): get_header()
#4 C:\xampp\htdocs\myphamskytechcongnguyen\wp-includes\template-loader.php(132): include('C:\\xampp\\htdocs...')
#5 C:\xampp\htdocs\myphamskytechcongnguyen\wp-blog-header.php(19): require_once('C:\\xampp\\htdocs...')
#6 C:\xampp\htdocs\myphamskytechcongnguyen\index.php(17): require('C:\\xampp\\htdocs...')
#7 {main}
  thrown in C:\xampp\htdocs\myphamskytechcongnguyen\wp-content\themes\MyPham\header.php on line 43
[19-Mar-2026 13:53:49 UTC] MyPham Theme: Class MyPham\Core\Init not found
[19-Mar-2026 13:53:50 UTC] MyPham Theme: Class MyPham\Core\Init not found
[19-Mar-2026 13:54:00 UTC] MyPham Theme: Class MyPham\Core\Init not found
[19-Mar-2026 13:54:03 UTC] MyPham Theme: Class MyPham\Core\Init not found
[19-Mar-2026 13:54:03 UTC] MyPham Theme: Class MyPham\Core\Init not found
[19-Mar-2026 13:54:03 UTC] PHP Fatal error:  Uncaught Error: Call to undefined function wc_get_wishlist_url() in C:\xampp\htdocs\myphamskytechcongnguyen\wp-content\themes\MyPham\header.php:43
Stack trace:
#0 C:\xampp\htdocs\myphamskytechcongnguyen\wp-includes\template.php(814): require_once()
#1 C:\xampp\htdocs\myphamskytechcongnguyen\wp-includes\template.php(749): load_template('C:\\xampp\\htdocs...', true, Array)
#2 C:\xampp\htdocs\myphamskytechcongnguyen\wp-includes\general-template.php(48): locate_template(Array, true, true, Array)
#3 C:\xampp\htdocs\myphamskytechcongnguyen\wp-content\themes\MyPham\front-page.php(1): get_header()
#4 C:\xampp\htdocs\myphamskytechcongnguyen\wp-includes\template-loader.php(132): include('C:\\xampp\\htdocs...')
#5 C:\xampp\htdocs\myphamskytechcongnguyen\wp-blog-header.php(19): require_once('C:\\xampp\\htdocs...')
#6 C:\xampp\htdocs\myphamskytechcongnguyen\index.php(17): require('C:\\xampp\\htdocs...')
#7 {main}
  thrown in C:\xampp\htdocs\myphamskytechcongnguyen\wp-content\themes\MyPham\header.php on line 43
[19-Mar-2026 13:54:04 UTC] MyPham Theme: Class MyPham\Core\Init not found
[19-Mar-2026 13:54:55 UTC] MyPham Theme: Class MyPham\Core\Init not found
[19-Mar-2026 13:54:56 UTC] PHP Fatal error:  Uncaught Error: Call to undefined function wc_get_wishlist_url() in C:\xampp\htdocs\myphamskytechcongnguyen\wp-content\themes\MyPham\header.php:43
Stack trace:
#0 C:\xampp\htdocs\myphamskytechcongnguyen\wp-includes\template.php(814): require_once()
#1 C:\xampp\htdocs\myphamskytechcongnguyen\wp-includes\template.php(749): load_template('C:\\xampp\\htdocs...', true, Array)
#2 C:\xampp\htdocs\myphamskytechcongnguyen\wp-includes\general-template.php(48): locate_template(Array, true, true, Array)
#3 C:\xampp\htdocs\myphamskytechcongnguyen\wp-content\themes\MyPham\front-page.php(1): get_header()
#4 C:\xampp\htdocs\myphamskytechcongnguyen\wp-includes\template-loader.php(132): include('C:\\xampp\\htdocs...')
#5 C:\xampp\htdocs\myphamskytechcongnguyen\wp-blog-header.php(19): require_once('C:\\xampp\\htdocs...')
#6 C:\xampp\htdocs\myphamskytechcongnguyen\index.php(17): require('C:\\xampp\\htdocs...')
#7 {main}
  thrown in C:\xampp\htdocs\myphamskytechcongnguyen\wp-content\themes\MyPham\header.php on line 43
[19-Mar-2026 13:54:57 UTC] MyPham Theme: Class MyPham\Core\Init not found
[19-Mar-2026 13:55:03 UTC] MyPham Theme: Class MyPham\Core\Init not found
[19-Mar-2026 13:55:03 UTC] MyPham Theme: Class MyPham\Core\Init not found
[19-Mar-2026 13:55:03 UTC] PHP Fatal error:  Uncaught Error: Call to undefined function wc_get_wishlist_url() in C:\xampp\htdocs\myphamskytechcongnguyen\wp-content\themes\MyPham\header.php:43
Stack trace:
#0 C:\xampp\htdocs\myphamskytechcongnguyen\wp-includes\template.php(814): require_once()
#1 C:\xampp\htdocs\myphamskytechcongnguyen\wp-includes\template.php(749): load_template('C:\\xampp\\htdocs...', true, Array)
#2 C:\xampp\htdocs\myphamskytechcongnguyen\wp-includes\general-template.php(48): locate_template(Array, true, true, Array)
#3 C:\xampp\htdocs\myphamskytechcongnguyen\wp-content\themes\MyPham\page.php(8): get_header()
#4 C:\xampp\htdocs\myphamskytechcongnguyen\wp-includes\template-loader.php(132): include('C:\\xampp\\htdocs...')
#5 C:\xampp\htdocs\myphamskytechcongnguyen\wp-blog-header.php(19): require_once('C:\\xampp\\htdocs...')
#6 C:\xampp\htdocs\myphamskytechcongnguyen\index.php(17): require('C:\\xampp\\htdocs...')
#7 {main}
  thrown in C:\xampp\htdocs\myphamskytechcongnguyen\wp-content\themes\MyPham\header.php on line 43
[19-Mar-2026 13:55:12 UTC] MyPham Theme: Class MyPham\Core\Init not found
[19-Mar-2026 13:55:25 UTC] MyPham Theme: Class MyPham\Core\Init not found
[19-Mar-2026 13:55:26 UTC] MyPham Theme: Class MyPham\Core\Init not found
[19-Mar-2026 13:55:28 UTC] MyPham Theme: Class MyPham\Core\Init not found
[19-Mar-2026 13:55:29 UTC] MyPham Theme: Class MyPham\Core\Init not found
[19-Mar-2026 13:55:32 UTC] MyPham Theme: Class MyPham\Core\Init not found
[19-Mar-2026 13:55:32 UTC] MyPham Theme: Class MyPham\Core\Init not found
[19-Mar-2026 13:55:32 UTC] MyPham Theme: Class MyPham\Core\Init not found
[19-Mar-2026 13:55:33 UTC] MyPham Theme: Class MyPham\Core\Init not found
[19-Mar-2026 13:55:33 UTC] MyPham Theme: Class MyPham\Core\Init not found
[19-Mar-2026 13:55:33 UTC] MyPham Theme: Class MyPham\Core\Init not found
[19-Mar-2026 13:55:35 UTC] MyPham Theme: Class MyPham\Core\Init not found
[19-Mar-2026 13:55:35 UTC] MyPham Theme: Class MyPham\Core\Init not found
[19-Mar-2026 13:55:35 UTC] MyPham Theme: Class MyPham\Core\Init not found
[19-Mar-2026 13:55:37 UTC] MyPham Theme: Class MyPham\Core\Init not found
[19-Mar-2026 13:55:37 UTC] MyPham Theme: Class MyPham\Core\Init not found
[19-Mar-2026 13:55:37 UTC] MyPham Theme: Class MyPham\Core\Init not found
[19-Mar-2026 13:55:38 UTC] MyPham Theme: Class MyPham\Core\Init not found
[19-Mar-2026 13:55:38 UTC] MyPham Theme: Class MyPham\Core\Init not found
[19-Mar-2026 13:55:38 UTC] MyPham Theme: Class MyPham\Core\Init not found
[19-Mar-2026 13:55:39 UTC] MyPham Theme: Class MyPham\Core\Init not found
[20-Mar-2026 10:10:19 UTC] MyPham Theme: Class MyPham\Core\Init not found
[20-Mar-2026 10:10:20 UTC] MyPham Theme: Class MyPham\Core\Init not found
[20-Mar-2026 10:10:21 UTC] MyPham Theme: Class MyPham\Core\Init not found
[20-Mar-2026 10:10:21 UTC] MyPham Theme: Class MyPham\Core\Init not found
[20-Mar-2026 10:10:24 UTC] MyPham Theme: Class MyPham\Core\Init not found
[20-Mar-2026 10:10:27 UTC] MyPham Theme: Class MyPham\Core\Init not found
[20-Mar-2026 10:10:28 UTC] MyPham Theme: Class MyPham\Core\Init not found
[20-Mar-2026 10:10:36 UTC] MyPham Theme: Class MyPham\Core\Init not found
[20-Mar-2026 10:11:39 UTC] MyPham Theme: Class MyPham\Core\Init not found
[20-Mar-2026 10:11:40 UTC] MyPham Theme: Class MyPham\Core\Init not found
[20-Mar-2026 10:12:04 UTC] MyPham Theme: Class MyPham\Core\Init not found
[20-Mar-2026 10:12:08 UTC] MyPham Theme: Class MyPham\Core\Init not found
[20-Mar-2026 10:12:08 UTC] MyPham Theme: Class MyPham\Core\Init not found
[20-Mar-2026 10:12:09 UTC] PHP Fatal error:  Uncaught Error: Call to undefined function wc_get_wishlist_url() in C:\xampp\htdocs\myphamskytechcongnguyen\wp-content\themes\MyPham\header.php:43
Stack trace:
#0 C:\xampp\htdocs\myphamskytechcongnguyen\wp-includes\template.php(814): require_once()
#1 C:\xampp\htdocs\myphamskytechcongnguyen\wp-includes\template.php(749): load_template('C:\\xampp\\htdocs...', true, Array)
#2 C:\xampp\htdocs\myphamskytechcongnguyen\wp-includes\general-template.php(48): locate_template(Array, true, true, Array)
#3 C:\xampp\htdocs\myphamskytechcongnguyen\wp-content\themes\MyPham\front-page.php(1): get_header()
#4 C:\xampp\htdocs\myphamskytechcongnguyen\wp-includes\template-loader.php(132): include('C:\\xampp\\htdocs...')
#5 C:\xampp\htdocs\myphamskytechcongnguyen\wp-blog-header.php(19): require_once('C:\\xampp\\htdocs...')
#6 C:\xampp\htdocs\myphamskytechcongnguyen\index.php(17): require('C:\\xampp\\htdocs...')
#7 {main}
  thrown in C:\xampp\htdocs\myphamskytechcongnguyen\wp-content\themes\MyPham\header.php on line 43
[20-Mar-2026 10:12:11 UTC] MyPham Theme: Class MyPham\Core\Init not found
[20-Mar-2026 10:13:07 UTC] PHP Warning:  file_get_contents(C:\xampp\htdocs\myphamskytechcongnguyen/wp-content/plugins/mailpoet/mailpoet.php): Failed to open stream: No such file or directory in C:\xampp\htdocs\myphamskytechcongnguyen\wp-includes\functions.php on line 6910
[20-Mar-2026 10:13:07 UTC] PHP Warning:  include_once(C:\xampp\htdocs\myphamskytechcongnguyen\wp-content\plugins\mailpoet\mailpoet.php): Failed to open stream: No such file or directory in C:\xampp\htdocs\myphamskytechcongnguyen\wp-settings.php on line 560
[20-Mar-2026 10:13:07 UTC] PHP Warning:  include_once(): Failed opening 'C:\xampp\htdocs\myphamskytechcongnguyen/wp-content/plugins/mailpoet/mailpoet.php' for inclusion (include_path='C:\xampp\php\PEAR') in C:\xampp\htdocs\myphamskytechcongnguyen\wp-settings.php on line 560
[20-Mar-2026 10:13:08 UTC] MyPham Theme: Class MyPham\Core\Init not found
[20-Mar-2026 10:13:09 UTC] MyPham Theme: Class MyPham\Core\Init not found
[20-Mar-2026 10:13:13 UTC] MyPham Theme: Class MyPham\Core\Init not found
[20-Mar-2026 10:13:16 UTC] MyPham Theme: Class MyPham\Core\Init not found
[20-Mar-2026 10:13:16 UTC] MyPham Theme: Class MyPham\Core\Init not found
[20-Mar-2026 10:13:16 UTC] MyPham Theme: Class MyPham\Core\Init not found
[20-Mar-2026 10:13:17 UTC] PHP Fatal error:  Uncaught Error: Call to undefined function wc_get_wishlist_url() in C:\xampp\htdocs\myphamskytechcongnguyen\wp-content\themes\MyPham\header.php:43
Stack trace:
#0 C:\xampp\htdocs\myphamskytechcongnguyen\wp-includes\template.php(814): require_once()
#1 C:\xampp\htdocs\myphamskytechcongnguyen\wp-includes\template.php(749): load_template('C:\\xampp\\htdocs...', true, Array)
#2 C:\xampp\htdocs\myphamskytechcongnguyen\wp-includes\general-template.php(48): locate_template(Array, true, true, Array)
#3 C:\xampp\htdocs\myphamskytechcongnguyen\wp-content\themes\MyPham\front-page.php(1): get_header()
#4 C:\xampp\htdocs\myphamskytechcongnguyen\wp-includes\template-loader.php(132): include('C:\\xampp\\htdocs...')
#5 C:\xampp\htdocs\myphamskytechcongnguyen\wp-blog-header.php(19): require_once('C:\\xampp\\htdocs...')
#6 C:\xampp\htdocs\myphamskytechcongnguyen\index.php(17): require('C:\\xampp\\htdocs...')
#7 {main}
  thrown in C:\xampp\htdocs\myphamskytechcongnguyen\wp-content\themes\MyPham\header.php on line 43
[20-Mar-2026 10:13:19 UTC] MyPham Theme: Class MyPham\Core\Init not found
[20-Mar-2026 10:13:19 UTC] MyPham Theme: Class MyPham\Core\Init not found
[20-Mar-2026 10:13:34 UTC] MyPham Theme: Class MyPham\Core\Init not found
[20-Mar-2026 10:13:35 UTC] MyPham Theme: Class MyPham\Core\Init not found
[20-Mar-2026 10:13:49 UTC] MyPham Theme: Class MyPham\Core\Init not found
[20-Mar-2026 10:14:27 UTC] MyPham Theme: Class MyPham\Core\Init not found
[20-Mar-2026 10:14:28 UTC] MyPham Theme: Class MyPham\Core\Init not found
[20-Mar-2026 10:14:29 UTC] MyPham Theme: Class MyPham\Core\Init not found
[20-Mar-2026 10:14:30 UTC] MyPham Theme: Class MyPham\Core\Init not found
[20-Mar-2026 10:14:31 UTC] MyPham Theme: Class MyPham\Core\Init not found
[20-Mar-2026 10:14:37 UTC] MyPham Theme: Class MyPham\Core\Init not found
[20-Mar-2026 10:14:40 UTC] MyPham Theme: Class MyPham\Core\Init not found
[20-Mar-2026 10:14:40 UTC] MyPham Theme: Class MyPham\Core\Init not found
[20-Mar-2026 10:14:41 UTC] PHP Fatal error:  Uncaught Error: Call to undefined function wc_get_wishlist_url() in C:\xampp\htdocs\myphamskytechcongnguyen\wp-content\themes\MyPham\header.php:43
Stack trace:
#0 C:\xampp\htdocs\myphamskytechcongnguyen\wp-includes\template.php(814): require_once()
#1 C:\xampp\htdocs\myphamskytechcongnguyen\wp-includes\template.php(749): load_template('C:\\xampp\\htdocs...', true, Array)
#2 C:\xampp\htdocs\myphamskytechcongnguyen\wp-includes\general-template.php(48): locate_template(Array, true, true, Array)
#3 C:\xampp\htdocs\myphamskytechcongnguyen\wp-content\themes\MyPham\front-page.php(1): get_header()
#4 C:\xampp\htdocs\myphamskytechcongnguyen\wp-includes\template-loader.php(132): include('C:\\xampp\\htdocs...')
#5 C:\xampp\htdocs\myphamskytechcongnguyen\wp-blog-header.php(19): require_once('C:\\xampp\\htdocs...')
#6 C:\xampp\htdocs\myphamskytechcongnguyen\index.php(17): require('C:\\xampp\\htdocs...')
#7 {main}
  thrown in C:\xampp\htdocs\myphamskytechcongnguyen\wp-content\themes\MyPham\header.php on line 43
[20-Mar-2026 10:14:42 UTC] MyPham Theme: Class MyPham\Core\Init not found
[20-Mar-2026 10:14:42 UTC] MyPham Theme: Class MyPham\Core\Init not found
[20-Mar-2026 10:15:32 UTC] MyPham Theme: Class MyPham\Core\Init not found
[20-Mar-2026 10:15:34 UTC] MyPham Theme: Class MyPham\Core\Init not found
[20-Mar-2026 10:15:35 UTC] MyPham Theme: Class MyPham\Core\Init not found
[20-Mar-2026 10:15:40 UTC] MyPham Theme: Class MyPham\Core\Init not found
[20-Mar-2026 10:17:33 UTC] MyPham Theme: Class MyPham\Core\Init not found
[20-Mar-2026 10:17:34 UTC] MyPham Theme: Class MyPham\Core\Init not found
[20-Mar-2026 10:17:40 UTC] MyPham Theme: Class MyPham\Core\Init not found
[20-Mar-2026 10:19:34 UTC] MyPham Theme: Class MyPham\Core\Init not found
[20-Mar-2026 10:19:36 UTC] MyPham Theme: Class MyPham\Core\Init not found
[20-Mar-2026 10:19:37 UTC] MyPham Theme: Class MyPham\Core\Init not found
[20-Mar-2026 10:19:41 UTC] MyPham Theme: Class MyPham\Core\Init not found
[20-Mar-2026 10:21:35 UTC] MyPham Theme: Class MyPham\Core\Init not found
[20-Mar-2026 10:21:36 UTC] MyPham Theme: Class MyPham\Core\Init not found
[20-Mar-2026 10:21:42 UTC] MyPham Theme: Class MyPham\Core\Init not found
[20-Mar-2026 10:23:36 UTC] MyPham Theme: Class MyPham\Core\Init not found
[20-Mar-2026 10:23:37 UTC] MyPham Theme: Class MyPham\Core\Init not found
[20-Mar-2026 10:23:43 UTC] MyPham Theme: Class MyPham\Core\Init not found
[20-Mar-2026 10:25:37 UTC] MyPham Theme: Class MyPham\Core\Init not found
[20-Mar-2026 10:25:39 UTC] MyPham Theme: Class MyPham\Core\Init not found
[20-Mar-2026 10:25:40 UTC] MyPham Theme: Class MyPham\Core\Init not found
[20-Mar-2026 10:27:38 UTC] MyPham Theme: Class MyPham\Core\Init not found
[20-Mar-2026 10:27:40 UTC] MyPham Theme: Class MyPham\Core\Init not found
[20-Mar-2026 10:29:39 UTC] MyPham Theme: Class MyPham\Core\Init not found
[20-Mar-2026 10:29:40 UTC] MyPham Theme: Class MyPham\Core\Init not found
[20-Mar-2026 10:31:34 UTC] MyPham Theme: Class MyPham\Core\Init not found
[20-Mar-2026 10:31:36 UTC] MyPham Theme: Class MyPham\Core\Init not found
[20-Mar-2026 10:31:38 UTC] MyPham Theme: Class MyPham\Core\Init not found
[20-Mar-2026 10:31:41 UTC] MyPham Theme: Class MyPham\Core\Init not found
[20-Mar-2026 10:31:44 UTC] MyPham Theme: Class MyPham\Core\Init not found
[20-Mar-2026 10:31:45 UTC] MyPham Theme: Class MyPham\Core\Init not found
[20-Mar-2026 10:31:45 UTC] MyPham Theme: Class MyPham\Core\Init not found
[20-Mar-2026 10:31:45 UTC] MyPham Theme: Class MyPham\Core\Init not found
[20-Mar-2026 10:31:49 UTC] MyPham Theme: Class MyPham\Core\Init not found
[20-Mar-2026 10:31:49 UTC] MyPham Theme: Class MyPham\Core\Init not found
[20-Mar-2026 10:32:45 UTC] MyPham Theme: Class MyPham\Core\Init not found
[20-Mar-2026 10:32:45 UTC] MyPham Theme: Class MyPham\Core\Init not found
[20-Mar-2026 10:32:47 UTC] MyPham Theme: Class MyPham\Core\Init not found
[20-Mar-2026 10:32:48 UTC] MyPham Theme: Class MyPham\Core\Init not found
[20-Mar-2026 10:33:45 UTC] MyPham Theme: Class MyPham\Core\Init not found
[20-Mar-2026 10:33:46 UTC] MyPham Theme: Class MyPham\Core\Init not found
[20-Mar-2026 10:34:04 UTC] MyPham Theme: Class MyPham\Core\Init not found
[20-Mar-2026 10:34:07 UTC] MyPham Theme: Class MyPham\Core\Init not found
[20-Mar-2026 10:34:07 UTC] MyPham Theme: Class MyPham\Core\Init not found
[20-Mar-2026 10:34:07 UTC] MyPham Theme: Class MyPham\Core\Init not found
[20-Mar-2026 10:34:09 UTC] MyPham Theme: Class MyPham\Core\Init not found
[20-Mar-2026 10:34:09 UTC] MyPham Theme: Class MyPham\Core\Init not found
[20-Mar-2026 10:34:09 UTC] MyPham Theme: Class MyPham\Core\Init not found
[20-Mar-2026 10:34:11 UTC] MyPham Theme: Class MyPham\Core\Init not found
[20-Mar-2026 10:34:12 UTC] MyPham Theme: Class MyPham\Core\Init not found
[20-Mar-2026 10:34:14 UTC] MyPham Theme: Class MyPham\Core\Init not found
[20-Mar-2026 10:34:46 UTC] MyPham Theme: Class MyPham\Core\Init not found
[20-Mar-2026 10:34:50 UTC] MyPham Theme: Class MyPham\Core\Init not found
[20-Mar-2026 10:34:56 UTC] MyPham Theme: Class MyPham\Core\Init not found
[20-Mar-2026 10:34:57 UTC] MyPham Theme: Class MyPham\Core\Init not found
[20-Mar-2026 10:34:57 UTC] MyPham Theme: Class MyPham\Core\Init not found
[20-Mar-2026 10:34:57 UTC] MyPham Theme: Class MyPham\Core\Init not found
[20-Mar-2026 10:34:57 UTC] MyPham Theme: Class MyPham\Core\Init not found
[20-Mar-2026 10:34:57 UTC] MyPham Theme: Class MyPham\Core\Init not found
[20-Mar-2026 10:34:58 UTC] MyPham Theme: Class MyPham\Core\Init not found
[20-Mar-2026 10:34:59 UTC] MyPham Theme: Class MyPham\Core\Init not found
[20-Mar-2026 10:35:05 UTC] MyPham Theme: Class MyPham\Core\Init not found
[20-Mar-2026 10:35:07 UTC] MyPham Theme: Class MyPham\Core\Init not found
[20-Mar-2026 10:35:07 UTC] MyPham Theme: Class MyPham\Core\Init not found
[20-Mar-2026 10:35:08 UTC] MyPham Theme: Class MyPham\Core\Init not found
[20-Mar-2026 10:35:08 UTC] MyPham Theme: Class MyPham\Core\Init not found
[20-Mar-2026 10:35:08 UTC] MyPham Theme: Class MyPham\Core\Init not found
[20-Mar-2026 10:35:08 UTC] MyPham Theme: Class MyPham\Core\Init not found
[20-Mar-2026 10:35:14 UTC] MyPham Theme: Class MyPham\Core\Init not found
[20-Mar-2026 10:35:16 UTC] MyPham Theme: Class MyPham\Core\Init not found
[20-Mar-2026 10:35:16 UTC] MyPham Theme: Class MyPham\Core\Init not found
[20-Mar-2026 10:35:16 UTC] MyPham Theme: Class MyPham\Core\Init not found
[20-Mar-2026 10:35:16 UTC] MyPham Theme: Class MyPham\Core\Init not found
[20-Mar-2026 10:35:16 UTC] MyPham Theme: Class MyPham\Core\Init not found
[20-Mar-2026 10:35:16 UTC] MyPham Theme: Class MyPham\Core\Init not found
[20-Mar-2026 10:35:18 UTC] MyPham Theme: Class MyPham\Core\Init not found
[20-Mar-2026 10:35:19 UTC] MyPham Theme: Class MyPham\Core\Init not found
[20-Mar-2026 10:35:19 UTC] MyPham Theme: Class MyPham\Core\Init not found
[20-Mar-2026 10:35:19 UTC] MyPham Theme: Class MyPham\Core\Init not found
[20-Mar-2026 10:35:19 UTC] MyPham Theme: Class MyPham\Core\Init not found
[20-Mar-2026 10:35:19 UTC] MyPham Theme: Class MyPham\Core\Init not found
[20-Mar-2026 10:35:21 UTC] MyPham Theme: Class MyPham\Core\Init not found
[20-Mar-2026 10:35:21 UTC] MyPham Theme: Class MyPham\Core\Init not found
[20-Mar-2026 10:35:21 UTC] MyPham Theme: Class MyPham\Core\Init not found
[20-Mar-2026 10:35:21 UTC] MyPham Theme: Class MyPham\Core\Init not found
[20-Mar-2026 10:35:21 UTC] MyPham Theme: Class MyPham\Core\Init not found
[20-Mar-2026 10:35:23 UTC] MyPham Theme: Class MyPham\Core\Init not found
[20-Mar-2026 10:35:23 UTC] MyPham Theme: Class MyPham\Core\Init not found
[20-Mar-2026 10:35:26 UTC] MyPham Theme: Class MyPham\Core\Init not found
[20-Mar-2026 10:35:26 UTC] MyPham Theme: Class MyPham\Core\Init not found
[20-Mar-2026 10:35:26 UTC] MyPham Theme: Class MyPham\Core\Init not found
[20-Mar-2026 10:35:27 UTC] MyPham Theme: Class MyPham\Core\Init not found
[20-Mar-2026 10:35:27 UTC] MyPham Theme: Class MyPham\Core\Init not found
[20-Mar-2026 10:35:27 UTC] MyPham Theme: Class MyPham\Core\Init not found
[20-Mar-2026 10:35:28 UTC] MyPham Theme: Class MyPham\Core\Init not found
[20-Mar-2026 10:35:28 UTC] MyPham Theme: Class MyPham\Core\Init not found
[20-Mar-2026 10:35:29 UTC] MyPham Theme: Class MyPham\Core\Init not found
[20-Mar-2026 10:36:27 UTC] MyPham Theme: Class MyPham\Core\Init not found
[20-Mar-2026 10:36:29 UTC] MyPham Theme: Class MyPham\Core\Init not found
[20-Mar-2026 10:36:30 UTC] MyPham Theme: Class MyPham\Core\Init not found
[20-Mar-2026 10:36:47 UTC] MyPham Theme: Class MyPham\Core\Init not found
[20-Mar-2026 10:36:51 UTC] MyPham Theme: Class MyPham\Core\Init not found
[20-Mar-2026 10:36:53 UTC] MyPham Theme: Class MyPham\Core\Init not found
[20-Mar-2026 10:36:58 UTC] MyPham Theme: Class MyPham\Core\Init not found
[20-Mar-2026 10:37:28 UTC] MyPham Theme: Class MyPham\Core\Init not found
[20-Mar-2026 10:37:30 UTC] MyPham Theme: Class MyPham\Core\Init not found
[20-Mar-2026 10:37:32 UTC] MyPham Theme: Class MyPham\Core\Init not found
[20-Mar-2026 10:38:24 UTC] MyPham Theme: Class MyPham\Core\Init not found
[20-Mar-2026 10:38:26 UTC] MyPham Theme: Class MyPham\Core\Init not found
[20-Mar-2026 10:38:27 UTC] MyPham Theme: Class MyPham\Core\Init not found
[20-Mar-2026 10:38:28 UTC] MyPham Theme: Class MyPham\Core\Init not found
[20-Mar-2026 10:38:30 UTC] MyPham Theme: Class MyPham\Core\Init not found
[20-Mar-2026 10:38:31 UTC] MyPham Theme: Class MyPham\Core\Init not found
[20-Mar-2026 10:38:34 UTC] MyPham Theme: Class MyPham\Core\Init not found
[20-Mar-2026 10:38:34 UTC] MyPham Theme: Class MyPham\Core\Init not found
[20-Mar-2026 10:38:34 UTC] MyPham Theme: Class MyPham\Core\Init not found
[20-Mar-2026 10:38:34 UTC] MyPham Theme: Class MyPham\Core\Init not found
[20-Mar-2026 10:38:35 UTC] MyPham Theme: Class MyPham\Core\Init not found
[20-Mar-2026 10:38:35 UTC] MyPham Theme: Class MyPham\Core\Init not found
[20-Mar-2026 10:38:36 UTC] MyPham Theme: Class MyPham\Core\Init not found
[20-Mar-2026 10:38:36 UTC] MyPham Theme: Class MyPham\Core\Init not found
[20-Mar-2026 10:38:36 UTC] MyPham Theme: Class MyPham\Core\Init not found
[20-Mar-2026 10:38:39 UTC] MyPham Theme: Class MyPham\Core\Init not found
[20-Mar-2026 10:38:39 UTC] MyPham Theme: Class MyPham\Core\Init not found
[20-Mar-2026 10:38:39 UTC] MyPham Theme: Class MyPham\Core\Init not found
[20-Mar-2026 10:38:40 UTC] MyPham Theme: Class MyPham\Core\Init not found
[20-Mar-2026 10:38:40 UTC] MyPham Theme: Class MyPham\Core\Init not found
[20-Mar-2026 10:38:40 UTC] MyPham Theme: Class MyPham\Core\Init not found
[20-Mar-2026 10:38:48 UTC] MyPham Theme: Class MyPham\Core\Init not found
[20-Mar-2026 10:38:51 UTC] MyPham Theme: Class MyPham\Core\Init not found
[20-Mar-2026 10:38:54 UTC] MyPham Theme: Class MyPham\Core\Init not found
[20-Mar-2026 10:38:54 UTC] MyPham Theme: Class MyPham\Core\Init not found
[20-Mar-2026 10:38:54 UTC] MyPham Theme: Class MyPham\Core\Init not found
[20-Mar-2026 10:38:54 UTC] MyPham Theme: Class MyPham\Core\Init not found
[20-Mar-2026 10:38:54 UTC] MyPham Theme: Class MyPham\Core\Init not found
[20-Mar-2026 10:38:55 UTC] MyPham Theme: Class MyPham\Core\Init not found
[20-Mar-2026 10:38:57 UTC] MyPham Theme: Class MyPham\Core\Init not found
[20-Mar-2026 10:38:57 UTC] MyPham Theme: Class MyPham\Core\Init not found
[20-Mar-2026 10:38:57 UTC] MyPham Theme: Class MyPham\Core\Init not found
[20-Mar-2026 10:38:59 UTC] MyPham Theme: Class MyPham\Core\Init not found
[20-Mar-2026 10:39:01 UTC] MyPham Theme: Class MyPham\Core\Init not found
[20-Mar-2026 10:39:01 UTC] MyPham Theme: Class MyPham\Core\Init not found
[20-Mar-2026 10:39:02 UTC] MyPham Theme: Class MyPham\Core\Init not found
[20-Mar-2026 10:39:02 UTC] MyPham Theme: Class MyPham\Core\Init not found
[20-Mar-2026 10:39:02 UTC] MyPham Theme: Class MyPham\Core\Init not found
[20-Mar-2026 10:39:08 UTC] MyPham Theme: Class MyPham\Core\Init not found
[20-Mar-2026 10:39:13 UTC] MyPham Theme: Class MyPham\Core\Init not found
[20-Mar-2026 10:39:25 UTC] MyPham Theme: Class MyPham\Core\Init not found
[20-Mar-2026 10:39:27 UTC] MyPham Theme: Class MyPham\Core\Init not found
[20-Mar-2026 10:39:28 UTC] MyPham Theme: Class MyPham\Core\Init not found
[20-Mar-2026 10:39:30 UTC] MyPham Theme: Class MyPham\Core\Init not found
[20-Mar-2026 10:39:34 UTC] MyPham Theme: Class MyPham\Core\Init not found
[20-Mar-2026 10:39:34 UTC] MyPham Theme: Class MyPham\Core\Init not found
[20-Mar-2026 10:39:34 UTC] MyPham Theme: Class MyPham\Core\Init not found
[20-Mar-2026 10:39:34 UTC] MyPham Theme: Class MyPham\Core\Init not found
[20-Mar-2026 10:39:34 UTC] MyPham Theme: Class MyPham\Core\Init not found
[20-Mar-2026 10:39:34 UTC] MyPham Theme: Class MyPham\Core\Init not found
[20-Mar-2026 10:39:37 UTC] MyPham Theme: Class MyPham\Core\Init not found
[20-Mar-2026 10:39:37 UTC] MyPham Theme: Class MyPham\Core\Init not found
[20-Mar-2026 10:39:37 UTC] MyPham Theme: Class MyPham\Core\Init not found
[20-Mar-2026 10:39:37 UTC] MyPham Theme: Class MyPham\Core\Init not found
[20-Mar-2026 10:39:37 UTC] MyPham Theme: Class MyPham\Core\Init not found
[20-Mar-2026 10:39:37 UTC] MyPham Theme: Class MyPham\Core\Init not found
[20-Mar-2026 10:39:39 UTC] MyPham Theme: Class MyPham\Core\Init not found
[20-Mar-2026 10:39:39 UTC] MyPham Theme: Class MyPham\Core\Init not found
[20-Mar-2026 10:39:39 UTC] MyPham Theme: Class MyPham\Core\Init not found
[20-Mar-2026 10:39:39 UTC] MyPham Theme: Class MyPham\Core\Init not found
[20-Mar-2026 10:39:41 UTC] MyPham Theme: Class MyPham\Core\Init not found
[20-Mar-2026 10:39:43 UTC] MyPham Theme: Class MyPham\Core\Init not found
[20-Mar-2026 10:39:43 UTC] MyPham Theme: Class MyPham\Core\Init not found
[20-Mar-2026 10:39:43 UTC] MyPham Theme: Class MyPham\Core\Init not found
[20-Mar-2026 10:39:43 UTC] MyPham Theme: Class MyPham\Core\Init not found
[20-Mar-2026 10:39:43 UTC] MyPham Theme: Class MyPham\Core\Init not found
[20-Mar-2026 10:39:45 UTC] MyPham Theme: Class MyPham\Core\Init not found
[20-Mar-2026 10:39:45 UTC] MyPham Theme: Class MyPham\Core\Init not found
[20-Mar-2026 10:39:47 UTC] MyPham Theme: Class MyPham\Core\Init not found
[20-Mar-2026 10:39:49 UTC] MyPham Theme: Class MyPham\Core\Init not found
[20-Mar-2026 10:39:49 UTC] MyPham Theme: Class MyPham\Core\Init not found
[20-Mar-2026 10:39:49 UTC] PHP Fatal error:  Uncaught Error: Call to undefined function wc_get_wishlist_url() in C:\xampp\htdocs\myphamskytechcongnguyen\wp-content\themes\MyPham\header.php:43
Stack trace:
#0 C:\xampp\htdocs\myphamskytechcongnguyen\wp-includes\template.php(814): require_once()
#1 C:\xampp\htdocs\myphamskytechcongnguyen\wp-includes\template.php(749): load_template('C:\\xampp\\htdocs...', true, Array)
#2 C:\xampp\htdocs\myphamskytechcongnguyen\wp-includes\general-template.php(48): locate_template(Array, true, true, Array)
#3 C:\xampp\htdocs\myphamskytechcongnguyen\wp-content\themes\MyPham\front-page.php(1): get_header()
#4 C:\xampp\htdocs\myphamskytechcongnguyen\wp-includes\template-loader.php(132): include('C:\\xampp\\htdocs...')
#5 C:\xampp\htdocs\myphamskytechcongnguyen\wp-blog-header.php(19): require_once('C:\\xampp\\htdocs...')
#6 C:\xampp\htdocs\myphamskytechcongnguyen\index.php(17): require('C:\\xampp\\htdocs...')
#7 {main}
  thrown in C:\xampp\htdocs\myphamskytechcongnguyen\wp-content\themes\MyPham\header.php on line 43
[20-Mar-2026 10:39:51 UTC] MyPham Theme: Class MyPham\Core\Init not found
[20-Mar-2026 10:39:52 UTC] MyPham Theme: Class MyPham\Core\Init not found
[20-Mar-2026 10:39:54 UTC] MyPham Theme: Class MyPham\Core\Init not found
[20-Mar-2026 10:40:00 UTC] MyPham Theme: Class MyPham\Core\Init not found
[20-Mar-2026 10:40:01 UTC] MyPham Theme: Class MyPham\Core\Init not found
[20-Mar-2026 10:40:03 UTC] MyPham Theme: Class MyPham\Core\Init not found
[20-Mar-2026 10:40:37 UTC] MyPham Theme: Class MyPham\Core\Init not found
[20-Mar-2026 10:40:39 UTC] MyPham Theme: Class MyPham\Core\Init not found
[20-Mar-2026 10:40:40 UTC] MyPham Theme: Class MyPham\Core\Init not found
[20-Mar-2026 10:40:53 UTC] MyPham Theme: Class MyPham\Core\Init not found
[20-Mar-2026 11:30:17 UTC] PHP Fatal error:  Uncaught TypeError: number_format(): Argument #1 ($num) must be of type float, string given in C:\xampp\htdocs\myphamskytechcongnguyen\wp-content\themes\mypham-theme\home.php:154
Stack trace:
#0 C:\xampp\htdocs\myphamskytechcongnguyen\wp-content\themes\mypham-theme\home.php(154): number_format('', 0, ',', '.')
#1 C:\xampp\htdocs\myphamskytechcongnguyen\wp-includes\template-loader.php(132): include('C:\\xampp\\htdocs...')
#2 C:\xampp\htdocs\myphamskytechcongnguyen\wp-blog-header.php(19): require_once('C:\\xampp\\htdocs...')
#3 C:\xampp\htdocs\myphamskytechcongnguyen\index.php(17): require('C:\\xampp\\htdocs...')
#4 {main}
  thrown in C:\xampp\htdocs\myphamskytechcongnguyen\wp-content\themes\mypham-theme\home.php on line 154
[20-Mar-2026 11:34:02 UTC] PHP Fatal error:  Uncaught TypeError: number_format(): Argument #1 ($num) must be of type float, string given in C:\xampp\htdocs\myphamskytechcongnguyen\wp-content\themes\mypham-theme\home.php:154
Stack trace:
#0 C:\xampp\htdocs\myphamskytechcongnguyen\wp-content\themes\mypham-theme\home.php(154): number_format('', 0, ',', '.')
#1 C:\xampp\htdocs\myphamskytechcongnguyen\wp-includes\template-loader.php(132): include('C:\\xampp\\htdocs...')
#2 C:\xampp\htdocs\myphamskytechcongnguyen\wp-blog-header.php(19): require_once('C:\\xampp\\htdocs...')
#3 C:\xampp\htdocs\myphamskytechcongnguyen\index.php(17): require('C:\\xampp\\htdocs...')
#4 {main}
  thrown in C:\xampp\htdocs\myphamskytechcongnguyen\wp-content\themes\mypham-theme\home.php on line 154
[20-Mar-2026 11:34:31 UTC] PHP Fatal error:  Uncaught TypeError: number_format(): Argument #1 ($num) must be of type float, string given in C:\xampp\htdocs\myphamskytechcongnguyen\wp-content\themes\mypham-theme\home.php:154
Stack trace:
#0 C:\xampp\htdocs\myphamskytechcongnguyen\wp-content\themes\mypham-theme\home.php(154): number_format('', 0, ',', '.')
#1 C:\xampp\htdocs\myphamskytechcongnguyen\wp-includes\template-loader.php(132): include('C:\\xampp\\htdocs...')
#2 C:\xampp\htdocs\myphamskytechcongnguyen\wp-blog-header.php(19): require_once('C:\\xampp\\htdocs...')
#3 C:\xampp\htdocs\myphamskytechcongnguyen\index.php(17): require('C:\\xampp\\htdocs...')
#4 {main}
  thrown in C:\xampp\htdocs\myphamskytechcongnguyen\wp-content\themes\mypham-theme\home.php on line 154
[20-Mar-2026 11:35:21 UTC] PHP Fatal error:  Uncaught TypeError: number_format(): Argument #1 ($num) must be of type float, string given in C:\xampp\htdocs\myphamskytechcongnguyen\wp-content\themes\mypham-theme\home.php:154
Stack trace:
#0 C:\xampp\htdocs\myphamskytechcongnguyen\wp-content\themes\mypham-theme\home.php(154): number_format('', 0, ',', '.')
#1 C:\xampp\htdocs\myphamskytechcongnguyen\wp-includes\template-loader.php(132): include('C:\\xampp\\htdocs...')
#2 C:\xampp\htdocs\myphamskytechcongnguyen\wp-blog-header.php(19): require_once('C:\\xampp\\htdocs...')
#3 C:\xampp\htdocs\myphamskytechcongnguyen\index.php(17): require('C:\\xampp\\htdocs...')
#4 {main}
  thrown in C:\xampp\htdocs\myphamskytechcongnguyen\wp-content\themes\mypham-theme\home.php on line 154
[20-Mar-2026 12:20:19 UTC] PHP Fatal error:  Cannot redeclare mypham_default_menu() (previously declared in C:\xampp\htdocs\myphamskytechcongnguyen\wp-content\themes\mypham-theme\functions.php:633) in C:\xampp\htdocs\myphamskytechcongnguyen\wp-content\themes\mypham-theme\header.php on line 109
[20-Mar-2026 13:52:29 UTC] Lỗi lịch sự kiện Cron cho hook: action_scheduler_run_queue, Mã lỗi: invalid_schedule, Thông báo lỗi: Lịch cho sự kiện không tồn tại., Dữ liệu: {"schedule":"every_minute","args":["WP Cron"],"interval":60}
[20-Mar-2026 13:53:15 UTC] PHP Fatal error:  Uncaught Error: Class "WC_Payment_Gateway" not found in C:\xampp\htdocs\myphamskytechcongnguyen\wp-content\plugins\woocommerce-paypal-payments\modules\ppcp-axo\src\Gateway\AxoGateway.php:40
Stack trace:
#0 C:\xampp\htdocs\myphamskytechcongnguyen\wp-content\plugins\woocommerce-paypal-payments\vendor\composer\ClassLoader.php(576): include()
#1 C:\xampp\htdocs\myphamskytechcongnguyen\wp-content\plugins\woocommerce-paypal-payments\vendor\composer\ClassLoader.php(427): Composer\Autoload\{closure}('C:\\xampp\\htdocs...')
#2 C:\xampp\htdocs\myphamskytechcongnguyen\wp-content\plugins\woocommerce-paypal-payments\modules\ppcp-settings\src\Service\GatewayRedirectService.php(44): Composer\Autoload\ClassLoader->loadClass('WooCommerce\\Pay...')
#3 C:\xampp\htdocs\myphamskytechcongnguyen\wp-content\plugins\woocommerce-paypal-payments\modules\ppcp-settings\services.php(448): WooCommerce\PayPalCommerce\Settings\Service\GatewayRedirectService->__construct()
#4 C:\xampp\htdocs\myphamskytechcongnguyen\wp-content\plugins\woocommerce-paypal-payments\lib\packages\Inpsyde\Modularity\Container\ReadOnlyContainer.php(46): WooCommerce\PayPalCommerce\Settings\SettingsModule::WooCommerce\PayPalCommerce\Settings\{closure}(Object(WooCommerce\PayPalCommerce\Vendor\Inpsyde\Modularity\Container\ReadOnlyContainer))
#5 C:\xampp\htdocs\myphamskytechcongnguyen\wp-content\plugins\woocommerce-paypal-payments\modules\ppcp-settings\src\SettingsModule.php(451): WooCommerce\PayPalCommerce\Vendor\Inpsyde\Modularity\Container\ReadOnlyContainer->get('settings.servic...')
#6 C:\xampp\htdocs\myphamskytechcongnguyen\wp-content\plugins\woocommerce-paypal-payments\lib\packages\Inpsyde\Modularity\Package.php(431): WooCommerce\PayPalCommerce\Settings\SettingsModule->run(Object(WooCommerce\PayPalCommerce\Vendor\Inpsyde\Modularity\Container\ReadOnlyContainer))
#7 C:\xampp\htdocs\myphamskytechcongnguyen\wp-content\plugins\woocommerce-paypal-payments\lib\packages\Inpsyde\Modularity\Package.php(306): WooCommerce\PayPalCommerce\Vendor\Inpsyde\Modularity\Package->doExecute()
#8 C:\xampp\htdocs\myphamskytechcongnguyen\wp-content\plugins\woocommerce-paypal-payments\bootstrap.php(32): WooCommerce\PayPalCommerce\Vendor\Inpsyde\Modularity\Package->boot()
#9 C:\xampp\htdocs\myphamskytechcongnguyen\wp-content\plugins\woocommerce-paypal-payments\uninstall.php(32): WooCommerce\PayPalCommerce\{closure}('C:\\xampp\\htdocs...')
#10 C:\xampp\htdocs\myphamskytechcongnguyen\wp-content\plugins\woocommerce-paypal-payments\uninstall.php(55): WooCommerce\PayPalCommerce\{closure}('C:\\xampp\\htdocs...')
#11 C:\xampp\htdocs\myphamskytechcongnguyen\wp-admin\includes\plugin.php(1327): include_once('C:\\xampp\\htdocs...')
#12 C:\xampp\htdocs\myphamskytechcongnguyen\wp-admin\includes\plugin.php(970): uninstall_plugin('woocommerce-pay...')
#13 C:\xampp\htdocs\myphamskytechcongnguyen\wp-admin\includes\ajax-actions.php(4774): delete_plugins(Array)
#14 C:\xampp\htdocs\myphamskytechcongnguyen\wp-includes\class-wp-hook.php(341): wp_ajax_delete_plugin('')
#15 C:\xampp\htdocs\myphamskytechcongnguyen\wp-includes\class-wp-hook.php(365): WP_Hook->apply_filters('', Array)
#16 C:\xampp\htdocs\myphamskytechcongnguyen\wp-includes\plugin.php(522): WP_Hook->do_action(Array)
#17 C:\xampp\htdocs\myphamskytechcongnguyen\wp-admin\admin-ajax.php(192): do_action('wp_ajax_delete-...')
#18 {main}
  thrown in C:\xampp\htdocs\myphamskytechcongnguyen\wp-content\plugins\woocommerce-paypal-payments\modules\ppcp-axo\src\Gateway\AxoGateway.php on line 40
[20-Mar-2026 13:53:26 UTC] PHP Fatal error:  Uncaught Error: Class "WC_Payment_Gateway" not found in C:\xampp\htdocs\myphamskytechcongnguyen\wp-content\plugins\woocommerce-paypal-payments\modules\ppcp-axo\src\Gateway\AxoGateway.php:40
Stack trace:
#0 C:\xampp\htdocs\myphamskytechcongnguyen\wp-content\plugins\woocommerce-paypal-payments\vendor\composer\ClassLoader.php(576): include()
#1 C:\xampp\htdocs\myphamskytechcongnguyen\wp-content\plugins\woocommerce-paypal-payments\vendor\composer\ClassLoader.php(427): Composer\Autoload\{closure}('C:\\xampp\\htdocs...')
#2 C:\xampp\htdocs\myphamskytechcongnguyen\wp-content\plugins\woocommerce-paypal-payments\modules\ppcp-settings\src\Service\GatewayRedirectService.php(44): Composer\Autoload\ClassLoader->loadClass('WooCommerce\\Pay...')
#3 C:\xampp\htdocs\myphamskytechcongnguyen\wp-content\plugins\woocommerce-paypal-payments\modules\ppcp-settings\services.php(448): WooCommerce\PayPalCommerce\Settings\Service\GatewayRedirectService->__construct()
#4 C:\xampp\htdocs\myphamskytechcongnguyen\wp-content\plugins\woocommerce-paypal-payments\lib\packages\Inpsyde\Modularity\Container\ReadOnlyContainer.php(46): WooCommerce\PayPalCommerce\Settings\SettingsModule::WooCommerce\PayPalCommerce\Settings\{closure}(Object(WooCommerce\PayPalCommerce\Vendor\Inpsyde\Modularity\Container\ReadOnlyContainer))
#5 C:\xampp\htdocs\myphamskytechcongnguyen\wp-content\plugins\woocommerce-paypal-payments\modules\ppcp-settings\src\SettingsModule.php(451): WooCommerce\PayPalCommerce\Vendor\Inpsyde\Modularity\Container\ReadOnlyContainer->get('settings.servic...')
#6 C:\xampp\htdocs\myphamskytechcongnguyen\wp-content\plugins\woocommerce-paypal-payments\lib\packages\Inpsyde\Modularity\Package.php(431): WooCommerce\PayPalCommerce\Settings\SettingsModule->run(Object(WooCommerce\PayPalCommerce\Vendor\Inpsyde\Modularity\Container\ReadOnlyContainer))
#7 C:\xampp\htdocs\myphamskytechcongnguyen\wp-content\plugins\woocommerce-paypal-payments\lib\packages\Inpsyde\Modularity\Package.php(306): WooCommerce\PayPalCommerce\Vendor\Inpsyde\Modularity\Package->doExecute()
#8 C:\xampp\htdocs\myphamskytechcongnguyen\wp-content\plugins\woocommerce-paypal-payments\bootstrap.php(32): WooCommerce\PayPalCommerce\Vendor\Inpsyde\Modularity\Package->boot()
#9 C:\xampp\htdocs\myphamskytechcongnguyen\wp-content\plugins\woocommerce-paypal-payments\uninstall.php(32): WooCommerce\PayPalCommerce\{closure}('C:\\xampp\\htdocs...')
#10 C:\xampp\htdocs\myphamskytechcongnguyen\wp-content\plugins\woocommerce-paypal-payments\uninstall.php(55): WooCommerce\PayPalCommerce\{closure}('C:\\xampp\\htdocs...')
#11 C:\xampp\htdocs\myphamskytechcongnguyen\wp-admin\includes\plugin.php(1327): include_once('C:\\xampp\\htdocs...')
#12 C:\xampp\htdocs\myphamskytechcongnguyen\wp-admin\includes\plugin.php(970): uninstall_plugin('woocommerce-pay...')
#13 C:\xampp\htdocs\myphamskytechcongnguyen\wp-admin\includes\ajax-actions.php(4774): delete_plugins(Array)
#14 C:\xampp\htdocs\myphamskytechcongnguyen\wp-includes\class-wp-hook.php(341): wp_ajax_delete_plugin('')
#15 C:\xampp\htdocs\myphamskytechcongnguyen\wp-includes\class-wp-hook.php(365): WP_Hook->apply_filters('', Array)
#16 C:\xampp\htdocs\myphamskytechcongnguyen\wp-includes\plugin.php(522): WP_Hook->do_action(Array)
#17 C:\xampp\htdocs\myphamskytechcongnguyen\wp-admin\admin-ajax.php(192): do_action('wp_ajax_delete-...')
#18 {main}
  thrown in C:\xampp\htdocs\myphamskytechcongnguyen\wp-content\plugins\woocommerce-paypal-payments\modules\ppcp-axo\src\Gateway\AxoGateway.php on line 40
[20-Mar-2026 13:57:14 UTC] WordPress database error Table 'myphamcongnguyenskytech.wp_orders' doesn't exist for query SHOW FULL COLUMNS FROM `wp_orders` made by do_action('wp_ajax_mypham_process_order'), WP_Hook->do_action, WP_Hook->apply_filters, mypham_process_order
[20-Mar-2026 13:57:18 UTC] WordPress database error Table 'myphamcongnguyenskytech.wp_orders' doesn't exist for query SHOW FULL COLUMNS FROM `wp_orders` made by do_action('wp_ajax_mypham_process_order'), WP_Hook->do_action, WP_Hook->apply_filters, mypham_process_order
[20-Mar-2026 14:08:50 UTC] PHP Fatal error:  Uncaught Error: Call to undefined function mypham_get_cart_count() in C:\xampp\htdocs\myphamskytechcongnguyen\wp-content\themes\mypham-theme\header.php:53
Stack trace:
#0 C:\xampp\htdocs\myphamskytechcongnguyen\wp-includes\template.php(814): require_once()
#1 C:\xampp\htdocs\myphamskytechcongnguyen\wp-includes\template.php(749): load_template('C:\\xampp\\htdocs...', true, Array)
#2 C:\xampp\htdocs\myphamskytechcongnguyen\wp-includes\general-template.php(48): locate_template(Array, true, true, Array)
#3 C:\xampp\htdocs\myphamskytechcongnguyen\wp-content\themes\mypham-theme\front-page.php(7): get_header()
#4 C:\xampp\htdocs\myphamskytechcongnguyen\wp-includes\template-loader.php(132): include('C:\\xampp\\htdocs...')
#5 C:\xampp\htdocs\myphamskytechcongnguyen\wp-blog-header.php(19): require_once('C:\\xampp\\htdocs...')
#6 C:\xampp\htdocs\myphamskytechcongnguyen\index.php(17): require('C:\\xampp\\htdocs...')
#7 {main}
  thrown in C:\xampp\htdocs\myphamskytechcongnguyen\wp-content\themes\mypham-theme\header.php on line 53
[20-Mar-2026 14:12:47 UTC] PHP Fatal error:  Uncaught Error: Call to undefined function mypham_get_mini_cart_html() in C:\xampp\htdocs\myphamskytechcongnguyen\wp-content\themes\mypham-theme\mini-cart.php:13
Stack trace:
#0 C:\xampp\htdocs\myphamskytechcongnguyen\wp-includes\template.php(816): require()
#1 C:\xampp\htdocs\myphamskytechcongnguyen\wp-includes\template.php(749): load_template('C:\\xampp\\htdocs...', false, Array)
#2 C:\xampp\htdocs\myphamskytechcongnguyen\wp-includes\general-template.php(206): locate_template(Array, true, false, Array)
#3 C:\xampp\htdocs\myphamskytechcongnguyen\wp-content\themes\mypham-theme\header.php(104): get_template_part('mini-cart')
#4 C:\xampp\htdocs\myphamskytechcongnguyen\wp-includes\template.php(814): require_once('C:\\xampp\\htdocs...')
#5 C:\xampp\htdocs\myphamskytechcongnguyen\wp-includes\template.php(749): load_template('C:\\xampp\\htdocs...', true, Array)
#6 C:\xampp\htdocs\myphamskytechcongnguyen\wp-includes\general-template.php(48): locate_template(Array, true, true, Array)
#7 C:\xampp\htdocs\myphamskytechcongnguyen\wp-content\themes\mypham-theme\front-page.php(7): get_header()
#8 C:\xampp\htdocs\myphamskytechcongnguyen\wp-includes\template-loader.php(132): include('C:\\xampp\\htdocs...')
#9 C:\xampp\htdocs\myphamskytechcongnguyen\wp-blog-header.php(19): require_once('C:\\xampp\\htdocs...')
#10 C:\xampp\htdocs\myphamskytechcongnguyen\index.php(17): require('C:\\xampp\\htdocs...')
#11 {main}
  thrown in C:\xampp\htdocs\myphamskytechcongnguyen\wp-content\themes\mypham-theme\mini-cart.php on line 13
[21-Mar-2026 06:41:20 UTC] Automatic updates starting...
[21-Mar-2026 06:41:22 UTC] Automatic updates complete.
[21-Mar-2026 08:21:38 UTC] PHP Parse error:  syntax error, unexpected token "/", expecting end of file in C:\xampp\htdocs\myphamskytechcongnguyen\wp-content\themes\mypham-theme\functions.php on line 1179
[21-Mar-2026 08:21:38 UTC] PHP Notice:  Function _load_textdomain_just_in_time được gọi <strong>không chính xác</strong>. Tải bản dịch cho miền <code>mypham-theme</code> được kích hoạt quá sớm. Đây thường là dấu hiệu cho thấy một số mã trong plugin hoặc chủ đề chạy quá sớm. Bản dịch phải được tải tại hành động <code>init</code> hoặc sau đó. Vui lòng xem <a href="https://developer.wordpress.org/advanced-administration/debug/debug-wordpress/">Hướng dẫn Debug trong WordPress</a> để biết thêm thông tin. (Thông điệp này đã được thêm vào trong phiên bản 6.7.0.) in C:\xampp\htdocs\myphamskytechcongnguyen\wp-includes\functions.php on line 6131
[21-Mar-2026 08:21:38 UTC] PHP Warning:  Trying to access array offset on value of type bool in C:\xampp\htdocs\myphamskytechcongnguyen\wp-includes\class-wp-recovery-mode-email-service.php on line 367
[21-Mar-2026 08:21:38 UTC] PHP Warning:  Trying to access array offset on value of type bool in C:\xampp\htdocs\myphamskytechcongnguyen\wp-includes\class-wp-recovery-mode-email-service.php on line 368
[21-Mar-2026 08:21:38 UTC] PHP Parse error:  syntax error, unexpected token "/", expecting end of file in C:\xampp\htdocs\myphamskytechcongnguyen\wp-content\themes\mypham-theme\functions.php on line 1179
[21-Mar-2026 08:32:38 UTC] PHP Deprecated:  File Giao diện không có comments.php<strong>không dùng nữa</strong> từ phiên bản 3.0.0! Không có giải pháp nào thay thế. Hãy định nghĩa mẫu comments.php trong giao diện của bạn. in C:\xampp\htdocs\myphamskytechcongnguyen\wp-includes\functions.php on line 6131
[21-Mar-2026 08:40:58 UTC] PHP Fatal error:  Cannot redeclare mypham_default_menu() (previously declared in C:\xampp\htdocs\myphamskytechcongnguyen\wp-content\themes\mypham-theme\functions.php:805) in C:\xampp\htdocs\myphamskytechcongnguyen\wp-content\themes\mypham-theme\header.php on line 133
[21-Mar-2026 09:07:01 UTC] PHP Fatal error:  Cannot redeclare mypham_enqueue_scripts() (previously declared in C:\xampp\htdocs\myphamskytechcongnguyen\wp-content\themes\mypham-theme\functions.php:539) in C:\xampp\htdocs\myphamskytechcongnguyen\wp-content\themes\mypham-theme\functions.php on line 700
[21-Mar-2026 09:09:02 UTC] PHP Parse error:  syntax error, unexpected token "function" in C:\xampp\htdocs\myphamskytechcongnguyen\wp-content\themes\mypham-theme\functions.php on line 717
[21-Mar-2026 09:10:46 UTC] PHP Fatal error:  Cannot redeclare mypham_demo_payment_api() (previously declared in C:\xampp\htdocs\myphamskytechcongnguyen\wp-content\themes\mypham-theme\functions.php:521) in C:\xampp\htdocs\myphamskytechcongnguyen\wp-content\themes\mypham-theme\functions.php on line 1291
[21-Mar-2026 09:10:47 UTC] PHP Fatal error:  Cannot redeclare mypham_demo_payment_api() (previously declared in C:\xampp\htdocs\myphamskytechcongnguyen\wp-content\themes\mypham-theme\functions.php:521) in C:\xampp\htdocs\myphamskytechcongnguyen\wp-content\themes\mypham-theme\functions.php on line 1291
[21-Mar-2026 09:12:25 UTC] PHP Fatal error:  Cannot redeclare mypham_send_crm_webhook() (previously declared in C:\xampp\htdocs\myphamskytechcongnguyen\wp-content\themes\mypham-theme\functions.php:560) in C:\xampp\htdocs\myphamskytechcongnguyen\wp-content\themes\mypham-theme\functions.php on line 1291
[21-Mar-2026 09:12:30 UTC] PHP Fatal error:  Cannot redeclare mypham_send_crm_webhook() (previously declared in C:\xampp\htdocs\myphamskytechcongnguyen\wp-content\themes\mypham-theme\functions.php:560) in C:\xampp\htdocs\myphamskytechcongnguyen\wp-content\themes\mypham-theme\functions.php on line 1291
[21-Mar-2026 09:12:36 UTC] PHP Fatal error:  Cannot redeclare mypham_send_crm_webhook() (previously declared in C:\xampp\htdocs\myphamskytechcongnguyen\wp-content\themes\mypham-theme\functions.php:560) in C:\xampp\htdocs\myphamskytechcongnguyen\wp-content\themes\mypham-theme\functions.php on line 1291
[21-Mar-2026 09:12:38 UTC] PHP Fatal error:  Cannot redeclare mypham_send_crm_webhook() (previously declared in C:\xampp\htdocs\myphamskytechcongnguyen\wp-content\themes\mypham-theme\functions.php:560) in C:\xampp\htdocs\myphamskytechcongnguyen\wp-content\themes\mypham-theme\functions.php on line 1291
[21-Mar-2026 09:12:42 UTC] PHP Fatal error:  Cannot redeclare mypham_send_crm_webhook() (previously declared in C:\xampp\htdocs\myphamskytechcongnguyen\wp-content\themes\mypham-theme\functions.php:560) in C:\xampp\htdocs\myphamskytechcongnguyen\wp-content\themes\mypham-theme\functions.php on line 1291
[22-Mar-2026 05:27:12 UTC] Automatic updates starting...
[22-Mar-2026 05:27:14 UTC] Automatic updates complete.
[22-Mar-2026 06:34:26 UTC] WordPress database error Table 'myphamcongnguyenskytech.wp_orders' doesn't exist for query SHOW FULL COLUMNS FROM `wp_orders` made by do_action('wp_ajax_mypham_process_order'), WP_Hook->do_action, WP_Hook->apply_filters, mypham_process_order
[22-Mar-2026 06:34:30 UTC] WordPress database error Table 'myphamcongnguyenskytech.wp_orders' doesn't exist for query SHOW FULL COLUMNS FROM `wp_orders` made by do_action('wp_ajax_mypham_process_order'), WP_Hook->do_action, WP_Hook->apply_filters, mypham_process_order
[22-Mar-2026 06:34:30 UTC] WordPress database error Table 'myphamcongnguyenskytech.wp_orders' doesn't exist for query SHOW FULL COLUMNS FROM `wp_orders` made by do_action('wp_ajax_mypham_process_order'), WP_Hook->do_action, WP_Hook->apply_filters, mypham_process_order
[22-Mar-2026 06:34:30 UTC] WordPress database error Table 'myphamcongnguyenskytech.wp_orders' doesn't exist for query SHOW FULL COLUMNS FROM `wp_orders` made by do_action('wp_ajax_mypham_process_order'), WP_Hook->do_action, WP_Hook->apply_filters, mypham_process_order
[22-Mar-2026 06:34:31 UTC] WordPress database error Table 'myphamcongnguyenskytech.wp_orders' doesn't exist for query SHOW FULL COLUMNS FROM `wp_orders` made by do_action('wp_ajax_mypham_process_order'), WP_Hook->do_action, WP_Hook->apply_filters, mypham_process_order
[22-Mar-2026 06:36:25 UTC] WordPress database error Table 'myphamcongnguyenskytech.wp_orders' doesn't exist for query SHOW FULL COLUMNS FROM `wp_orders` made by do_action('wp_ajax_mypham_process_order'), WP_Hook->do_action, WP_Hook->apply_filters, mypham_process_order
[22-Mar-2026 06:36:25 UTC] WordPress database error Table 'myphamcongnguyenskytech.wp_orders' doesn't exist for query SHOW FULL COLUMNS FROM `wp_orders` made by do_action('wp_ajax_mypham_process_order'), WP_Hook->do_action, WP_Hook->apply_filters, mypham_process_order
[22-Mar-2026 06:36:28 UTC] WordPress database error Table 'myphamcongnguyenskytech.wp_orders' doesn't exist for query SHOW FULL COLUMNS FROM `wp_orders` made by do_action('wp_ajax_mypham_process_order'), WP_Hook->do_action, WP_Hook->apply_filters, mypham_process_order
[22-Mar-2026 06:36:28 UTC] WordPress database error Table 'myphamcongnguyenskytech.wp_orders' doesn't exist for query SHOW FULL COLUMNS FROM `wp_orders` made by do_action('wp_ajax_mypham_process_order'), WP_Hook->do_action, WP_Hook->apply_filters, mypham_process_order
[22-Mar-2026 06:36:28 UTC] WordPress database error Table 'myphamcongnguyenskytech.wp_orders' doesn't exist for query SHOW FULL COLUMNS FROM `wp_orders` made by do_action('wp_ajax_mypham_process_order'), WP_Hook->do_action, WP_Hook->apply_filters, mypham_process_order
[22-Mar-2026 06:36:31 UTC] WordPress database error Table 'myphamcongnguyenskytech.wp_orders' doesn't exist for query SHOW FULL COLUMNS FROM `wp_orders` made by do_action('wp_ajax_mypham_process_order'), WP_Hook->do_action, WP_Hook->apply_filters, mypham_process_order
[22-Mar-2026 06:36:33 UTC] WordPress database error Table 'myphamcongnguyenskytech.wp_orders' doesn't exist for query SHOW FULL COLUMNS FROM `wp_orders` made by do_action('wp_ajax_mypham_process_order'), WP_Hook->do_action, WP_Hook->apply_filters, mypham_process_order
[22-Mar-2026 06:36:36 UTC] WordPress database error Table 'myphamcongnguyenskytech.wp_orders' doesn't exist for query SHOW FULL COLUMNS FROM `wp_orders` made by do_action('wp_ajax_mypham_process_order'), WP_Hook->do_action, WP_Hook->apply_filters, mypham_process_order
[22-Mar-2026 06:36:36 UTC] WordPress database error Table 'myphamcongnguyenskytech.wp_orders' doesn't exist for query SHOW FULL COLUMNS FROM `wp_orders` made by do_action('wp_ajax_mypham_process_order'), WP_Hook->do_action, WP_Hook->apply_filters, mypham_process_order
[22-Mar-2026 06:36:36 UTC] WordPress database error Table 'myphamcongnguyenskytech.wp_orders' doesn't exist for query SHOW FULL COLUMNS FROM `wp_orders` made by do_action('wp_ajax_mypham_process_order'), WP_Hook->do_action, WP_Hook->apply_filters, mypham_process_order
[22-Mar-2026 06:36:37 UTC] WordPress database error Table 'myphamcongnguyenskytech.wp_orders' doesn't exist for query SHOW FULL COLUMNS FROM `wp_orders` made by do_action('wp_ajax_mypham_process_order'), WP_Hook->do_action, WP_Hook->apply_filters, mypham_process_order
[22-Mar-2026 07:00:08 UTC] PHP Fatal error:  Uncaught Error: Call to undefined function wc_get_product() in C:\xampp\htdocs\myphamskytechcongnguyen\wp-content\plugins\tiktok-for-business\admin\tt4b_menu.php:98
Stack trace:
#0 C:\xampp\htdocs\myphamskytechcongnguyen\wp-content\plugins\tiktok-for-business\admin\tt4b_menu.php(28): tt4b_product_delete(52, Object(WP_Post))
#1 C:\xampp\htdocs\myphamskytechcongnguyen\wp-includes\class-wp-hook.php(343): tt4b_product_trashed(52)
#2 C:\xampp\htdocs\myphamskytechcongnguyen\wp-includes\class-wp-hook.php(365): WP_Hook->apply_filters(NULL, Array)
#3 C:\xampp\htdocs\myphamskytechcongnguyen\wp-includes\plugin.php(522): WP_Hook->do_action(Array)
#4 C:\xampp\htdocs\myphamskytechcongnguyen\wp-includes\post.php(4050): do_action('wp_trash_post', 52, 'publish')
#5 C:\xampp\htdocs\myphamskytechcongnguyen\wp-admin\post.php(260): wp_trash_post(52)
#6 {main}
  thrown in C:\xampp\htdocs\myphamskytechcongnguyen\wp-content\plugins\tiktok-for-business\admin\tt4b_menu.php on line 98
[22-Mar-2026 07:21:20 UTC] PHP Fatal error:  Uncaught Error: Call to undefined function wc_get_product() in C:\xampp\htdocs\myphamskytechcongnguyen\wp-content\plugins\tiktok-for-business\admin\tt4b_menu.php:98
Stack trace:
#0 C:\xampp\htdocs\myphamskytechcongnguyen\wp-content\plugins\tiktok-for-business\admin\tt4b_menu.php(28): tt4b_product_delete(47, Object(WP_Post))
#1 C:\xampp\htdocs\myphamskytechcongnguyen\wp-includes\class-wp-hook.php(343): tt4b_product_trashed(47)
#2 C:\xampp\htdocs\myphamskytechcongnguyen\wp-includes\class-wp-hook.php(365): WP_Hook->apply_filters(NULL, Array)
#3 C:\xampp\htdocs\myphamskytechcongnguyen\wp-includes\plugin.php(522): WP_Hook->do_action(Array)
#4 C:\xampp\htdocs\myphamskytechcongnguyen\wp-includes\post.php(4050): do_action('wp_trash_post', 47, 'publish')
#5 C:\xampp\htdocs\myphamskytechcongnguyen\wp-admin\post.php(260): wp_trash_post(47)
#6 {main}
  thrown in C:\xampp\htdocs\myphamskytechcongnguyen\wp-content\plugins\tiktok-for-business\admin\tt4b_menu.php on line 98
[22-Mar-2026 07:21:33 UTC] PHP Fatal error:  Uncaught Error: Call to undefined function wc_get_product() in C:\xampp\htdocs\myphamskytechcongnguyen\wp-content\plugins\tiktok-for-business\admin\tt4b_menu.php:98
Stack trace:
#0 C:\xampp\htdocs\myphamskytechcongnguyen\wp-content\plugins\tiktok-for-business\admin\tt4b_menu.php(28): tt4b_product_delete(61, Object(WP_Post))
#1 C:\xampp\htdocs\myphamskytechcongnguyen\wp-includes\class-wp-hook.php(343): tt4b_product_trashed(61)
#2 C:\xampp\htdocs\myphamskytechcongnguyen\wp-includes\class-wp-hook.php(365): WP_Hook->apply_filters(NULL, Array)
#3 C:\xampp\htdocs\myphamskytechcongnguyen\wp-includes\plugin.php(522): WP_Hook->do_action(Array)
#4 C:\xampp\htdocs\myphamskytechcongnguyen\wp-includes\post.php(4050): do_action('wp_trash_post', 61, 'publish')
#5 C:\xampp\htdocs\myphamskytechcongnguyen\wp-admin\post.php(260): wp_trash_post(61)
#6 {main}
  thrown in C:\xampp\htdocs\myphamskytechcongnguyen\wp-content\plugins\tiktok-for-business\admin\tt4b_menu.php on line 98
[22-Mar-2026 08:17:38 UTC] PHP Parse error:  syntax error, unexpected token ":" in C:\xampp\htdocs\myphamskytechcongnguyen\wp-content\themes\mypham-theme\single-news.php on line 72
[22-Mar-2026 08:49:23 UTC] PHP Fatal error:  Uncaught Error: Call to undefined function include_partial_product_card() in C:\xampp\htdocs\myphamskytechcongnguyen\wp-content\themes\mypham-theme\functions.php:1417
Stack trace:
#0 C:\xampp\htdocs\myphamskytechcongnguyen\wp-includes\class-wp-hook.php(341): ajax_filter_products('')
#1 C:\xampp\htdocs\myphamskytechcongnguyen\wp-includes\class-wp-hook.php(365): WP_Hook->apply_filters('', Array)
#2 C:\xampp\htdocs\myphamskytechcongnguyen\wp-includes\plugin.php(522): WP_Hook->do_action(Array)
#3 C:\xampp\htdocs\myphamskytechcongnguyen\wp-admin\admin-ajax.php(192): do_action('wp_ajax_filter_...')
#4 {main}
  thrown in C:\xampp\htdocs\myphamskytechcongnguyen\wp-content\themes\mypham-theme\functions.php on line 1417
[22-Mar-2026 08:49:23 UTC] PHP Fatal error:  Uncaught Error: Call to undefined function include_partial_product_card() in C:\xampp\htdocs\myphamskytechcongnguyen\wp-content\themes\mypham-theme\functions.php:1417
Stack trace:
#0 C:\xampp\htdocs\myphamskytechcongnguyen\wp-includes\class-wp-hook.php(341): ajax_filter_products('')
#1 C:\xampp\htdocs\myphamskytechcongnguyen\wp-includes\class-wp-hook.php(365): WP_Hook->apply_filters('', Array)
#2 C:\xampp\htdocs\myphamskytechcongnguyen\wp-includes\plugin.php(522): WP_Hook->do_action(Array)
#3 C:\xampp\htdocs\myphamskytechcongnguyen\wp-admin\admin-ajax.php(192): do_action('wp_ajax_filter_...')
#4 {main}
  thrown in C:\xampp\htdocs\myphamskytechcongnguyen\wp-content\themes\mypham-theme\functions.php on line 1417
[22-Mar-2026 08:49:28 UTC] PHP Warning:  Undefined variable $has_price in C:\xampp\htdocs\myphamskytechcongnguyen\wp-content\themes\mypham-theme\single-product.php on line 52
[22-Mar-2026 09:10:48 UTC] PHP Parse error:  syntax error, unexpected identifier "currentFilters" in C:\xampp\htdocs\myphamskytechcongnguyen\wp-content\themes\mypham-theme\archive-product.php on line 4
[22-Mar-2026 09:11:00 UTC] PHP Parse error:  syntax error, unexpected identifier "currentFilters" in C:\xampp\htdocs\myphamskytechcongnguyen\wp-content\themes\mypham-theme\archive-product.php on line 4
[22-Mar-2026 09:11:07 UTC] PHP Parse error:  syntax error, unexpected identifier "currentFilters" in C:\xampp\htdocs\myphamskytechcongnguyen\wp-content\themes\mypham-theme\archive-product.php on line 4
[22-Mar-2026 09:11:13 UTC] PHP Parse error:  syntax error, unexpected identifier "currentFilters" in C:\xampp\htdocs\myphamskytechcongnguyen\wp-content\themes\mypham-theme\archive-product.php on line 4
[22-Mar-2026 09:11:22 UTC] PHP Parse error:  syntax error, unexpected identifier "currentFilters" in C:\xampp\htdocs\myphamskytechcongnguyen\wp-content\themes\mypham-theme\archive-product.php on line 4
[22-Mar-2026 09:16:10 UTC] PHP Fatal error:  Uncaught Error: Call to undefined function include_partial_product_card() in C:\xampp\htdocs\myphamskytechcongnguyen\wp-content\themes\mypham-theme\functions.php:1446
Stack trace:
#0 C:\xampp\htdocs\myphamskytechcongnguyen\wp-includes\class-wp-hook.php(341): ajax_filter_products('')
#1 C:\xampp\htdocs\myphamskytechcongnguyen\wp-includes\class-wp-hook.php(365): WP_Hook->apply_filters('', Array)
#2 C:\xampp\htdocs\myphamskytechcongnguyen\wp-includes\plugin.php(522): WP_Hook->do_action(Array)
#3 C:\xampp\htdocs\myphamskytechcongnguyen\wp-admin\admin-ajax.php(192): do_action('wp_ajax_filter_...')
#4 {main}
  thrown in C:\xampp\htdocs\myphamskytechcongnguyen\wp-content\themes\mypham-theme\functions.php on line 1446
[22-Mar-2026 09:16:10 UTC] PHP Fatal error:  Uncaught Error: Call to undefined function include_partial_product_card() in C:\xampp\htdocs\myphamskytechcongnguyen\wp-content\themes\mypham-theme\functions.php:1446
Stack trace:
#0 C:\xampp\htdocs\myphamskytechcongnguyen\wp-includes\class-wp-hook.php(341): ajax_filter_products('')
#1 C:\xampp\htdocs\myphamskytechcongnguyen\wp-includes\class-wp-hook.php(365): WP_Hook->apply_filters('', Array)
#2 C:\xampp\htdocs\myphamskytechcongnguyen\wp-includes\plugin.php(522): WP_Hook->do_action(Array)
#3 C:\xampp\htdocs\myphamskytechcongnguyen\wp-admin\admin-ajax.php(192): do_action('wp_ajax_filter_...')
#4 {main}
  thrown in C:\xampp\htdocs\myphamskytechcongnguyen\wp-content\themes\mypham-theme\functions.php on line 1446
[22-Mar-2026 09:16:35 UTC] PHP Fatal error:  Uncaught Error: Call to undefined function include_partial_product_card() in C:\xampp\htdocs\myphamskytechcongnguyen\wp-content\themes\mypham-theme\functions.php:1446
Stack trace:
#0 C:\xampp\htdocs\myphamskytechcongnguyen\wp-includes\class-wp-hook.php(341): ajax_filter_products('')
#1 C:\xampp\htdocs\myphamskytechcongnguyen\wp-includes\class-wp-hook.php(365): WP_Hook->apply_filters('', Array)
#2 C:\xampp\htdocs\myphamskytechcongnguyen\wp-includes\plugin.php(522): WP_Hook->do_action(Array)
#3 C:\xampp\htdocs\myphamskytechcongnguyen\wp-admin\admin-ajax.php(192): do_action('wp_ajax_filter_...')
#4 {main}
  thrown in C:\xampp\htdocs\myphamskytechcongnguyen\wp-content\themes\mypham-theme\functions.php on line 1446
[22-Mar-2026 09:16:35 UTC] PHP Fatal error:  Uncaught Error: Call to undefined function include_partial_product_card() in C:\xampp\htdocs\myphamskytechcongnguyen\wp-content\themes\mypham-theme\functions.php:1446
Stack trace:
#0 C:\xampp\htdocs\myphamskytechcongnguyen\wp-includes\class-wp-hook.php(341): ajax_filter_products('')
#1 C:\xampp\htdocs\myphamskytechcongnguyen\wp-includes\class-wp-hook.php(365): WP_Hook->apply_filters('', Array)
#2 C:\xampp\htdocs\myphamskytechcongnguyen\wp-includes\plugin.php(522): WP_Hook->do_action(Array)
#3 C:\xampp\htdocs\myphamskytechcongnguyen\wp-admin\admin-ajax.php(192): do_action('wp_ajax_filter_...')
#4 {main}
  thrown in C:\xampp\htdocs\myphamskytechcongnguyen\wp-content\themes\mypham-theme\functions.php on line 1446
[22-Mar-2026 09:21:22 UTC] PHP Fatal error:  Cannot redeclare mypham_format_price() (previously declared in C:\xampp\htdocs\myphamskytechcongnguyen\wp-content\themes\mypham-theme\functions.php:104) in C:\xampp\htdocs\myphamskytechcongnguyen\wp-content\themes\mypham-theme\functions.php on line 1650
[22-Mar-2026 09:21:22 UTC] PHP Notice:  Function _load_textdomain_just_in_time được gọi <strong>không chính xác</strong>. Tải bản dịch cho miền <code>mypham-theme</code> được kích hoạt quá sớm. Đây thường là dấu hiệu cho thấy một số mã trong plugin hoặc chủ đề chạy quá sớm. Bản dịch phải được tải tại hành động <code>init</code> hoặc sau đó. Vui lòng xem <a href="https://developer.wordpress.org/advanced-administration/debug/debug-wordpress/">Hướng dẫn Debug trong WordPress</a> để biết thêm thông tin. (Thông điệp này đã được thêm vào trong phiên bản 6.7.0.) in C:\xampp\htdocs\myphamskytechcongnguyen\wp-includes\functions.php on line 6131
[22-Mar-2026 09:21:22 UTC] PHP Warning:  Trying to access array offset on value of type bool in C:\xampp\htdocs\myphamskytechcongnguyen\wp-includes\class-wp-recovery-mode-email-service.php on line 367
[22-Mar-2026 09:21:22 UTC] PHP Warning:  Trying to access array offset on value of type bool in C:\xampp\htdocs\myphamskytechcongnguyen\wp-includes\class-wp-recovery-mode-email-service.php on line 368
[22-Mar-2026 09:21:23 UTC] PHP Fatal error:  Cannot redeclare mypham_format_price() (previously declared in C:\xampp\htdocs\myphamskytechcongnguyen\wp-content\themes\mypham-theme\functions.php:104) in C:\xampp\htdocs\myphamskytechcongnguyen\wp-content\themes\mypham-theme\functions.php on line 1650
[22-Mar-2026 09:21:23 UTC] PHP Notice:  Function _load_textdomain_just_in_time được gọi <strong>không chính xác</strong>. Tải bản dịch cho miền <code>mypham-theme</code> được kích hoạt quá sớm. Đây thường là dấu hiệu cho thấy một số mã trong plugin hoặc chủ đề chạy quá sớm. Bản dịch phải được tải tại hành động <code>init</code> hoặc sau đó. Vui lòng xem <a href="https://developer.wordpress.org/advanced-administration/debug/debug-wordpress/">Hướng dẫn Debug trong WordPress</a> để biết thêm thông tin. (Thông điệp này đã được thêm vào trong phiên bản 6.7.0.) in C:\xampp\htdocs\myphamskytechcongnguyen\wp-includes\functions.php on line 6131
[22-Mar-2026 09:21:23 UTC] PHP Warning:  Trying to access array offset on value of type bool in C:\xampp\htdocs\myphamskytechcongnguyen\wp-includes\class-wp-recovery-mode-email-service.php on line 367
[22-Mar-2026 09:21:23 UTC] PHP Warning:  Trying to access array offset on value of type bool in C:\xampp\htdocs\myphamskytechcongnguyen\wp-includes\class-wp-recovery-mode-email-service.php on line 368
[22-Mar-2026 09:21:24 UTC] PHP Fatal error:  Cannot redeclare mypham_format_price() (previously declared in C:\xampp\htdocs\myphamskytechcongnguyen\wp-content\themes\mypham-theme\functions.php:104) in C:\xampp\htdocs\myphamskytechcongnguyen\wp-content\themes\mypham-theme\functions.php on line 1650
[22-Mar-2026 09:21:24 UTC] PHP Notice:  Function _load_textdomain_just_in_time được gọi <strong>không chính xác</strong>. Tải bản dịch cho miền <code>woocommerce</code> được kích hoạt quá sớm. Đây thường là dấu hiệu cho thấy một số mã trong plugin hoặc chủ đề chạy quá sớm. Bản dịch phải được tải tại hành động <code>init</code> hoặc sau đó. Vui lòng xem <a href="https://developer.wordpress.org/advanced-administration/debug/debug-wordpress/">Hướng dẫn Debug trong WordPress</a> để biết thêm thông tin. (Thông điệp này đã được thêm vào trong phiên bản 6.7.0.) in C:\xampp\htdocs\myphamskytechcongnguyen\wp-includes\functions.php on line 6131
[22-Mar-2026 09:21:39 UTC] PHP Fatal error:  Cannot redeclare mypham_format_price() (previously declared in C:\xampp\htdocs\myphamskytechcongnguyen\wp-content\themes\mypham-theme\functions.php:104) in C:\xampp\htdocs\myphamskytechcongnguyen\wp-content\themes\mypham-theme\functions.php on line 1650
[22-Mar-2026 09:21:39 UTC] PHP Notice:  Function _load_textdomain_just_in_time được gọi <strong>không chính xác</strong>. Tải bản dịch cho miền <code>woocommerce</code> được kích hoạt quá sớm. Đây thường là dấu hiệu cho thấy một số mã trong plugin hoặc chủ đề chạy quá sớm. Bản dịch phải được tải tại hành động <code>init</code> hoặc sau đó. Vui lòng xem <a href="https://developer.wordpress.org/advanced-administration/debug/debug-wordpress/">Hướng dẫn Debug trong WordPress</a> để biết thêm thông tin. (Thông điệp này đã được thêm vào trong phiên bản 6.7.0.) in C:\xampp\htdocs\myphamskytechcongnguyen\wp-includes\functions.php on line 6131
[22-Mar-2026 09:21:49 UTC] PHP Fatal error:  Cannot redeclare mypham_format_price() (previously declared in C:\xampp\htdocs\myphamskytechcongnguyen\wp-content\themes\mypham-theme\functions.php:104) in C:\xampp\htdocs\myphamskytechcongnguyen\wp-content\themes\mypham-theme\functions.php on line 1650
[22-Mar-2026 09:21:49 UTC] PHP Notice:  Function _load_textdomain_just_in_time được gọi <strong>không chính xác</strong>. Tải bản dịch cho miền <code>woocommerce</code> được kích hoạt quá sớm. Đây thường là dấu hiệu cho thấy một số mã trong plugin hoặc chủ đề chạy quá sớm. Bản dịch phải được tải tại hành động <code>init</code> hoặc sau đó. Vui lòng xem <a href="https://developer.wordpress.org/advanced-administration/debug/debug-wordpress/">Hướng dẫn Debug trong WordPress</a> để biết thêm thông tin. (Thông điệp này đã được thêm vào trong phiên bản 6.7.0.) in C:\xampp\htdocs\myphamskytechcongnguyen\wp-includes\functions.php on line 6131
[22-Mar-2026 09:23:50 UTC] PHP Fatal error:  Cannot redeclare mypham_format_price() (previously declared in C:\xampp\htdocs\myphamskytechcongnguyen\wp-content\themes\mypham-theme\functions.php:104) in C:\xampp\htdocs\myphamskytechcongnguyen\wp-content\themes\mypham-theme\functions.php on line 1650
[22-Mar-2026 09:23:50 UTC] PHP Notice:  Function _load_textdomain_just_in_time được gọi <strong>không chính xác</strong>. Tải bản dịch cho miền <code>woocommerce</code> được kích hoạt quá sớm. Đây thường là dấu hiệu cho thấy một số mã trong plugin hoặc chủ đề chạy quá sớm. Bản dịch phải được tải tại hành động <code>init</code> hoặc sau đó. Vui lòng xem <a href="https://developer.wordpress.org/advanced-administration/debug/debug-wordpress/">Hướng dẫn Debug trong WordPress</a> để biết thêm thông tin. (Thông điệp này đã được thêm vào trong phiên bản 6.7.0.) in C:\xampp\htdocs\myphamskytechcongnguyen\wp-includes\functions.php on line 6131
[22-Mar-2026 09:25:51 UTC] PHP Fatal error:  Cannot redeclare mypham_format_price() (previously declared in C:\xampp\htdocs\myphamskytechcongnguyen\wp-content\themes\mypham-theme\functions.php:104) in C:\xampp\htdocs\myphamskytechcongnguyen\wp-content\themes\mypham-theme\functions.php on line 1650
[22-Mar-2026 09:25:51 UTC] PHP Notice:  Function _load_textdomain_just_in_time được gọi <strong>không chính xác</strong>. Tải bản dịch cho miền <code>woocommerce</code> được kích hoạt quá sớm. Đây thường là dấu hiệu cho thấy một số mã trong plugin hoặc chủ đề chạy quá sớm. Bản dịch phải được tải tại hành động <code>init</code> hoặc sau đó. Vui lòng xem <a href="https://developer.wordpress.org/advanced-administration/debug/debug-wordpress/">Hướng dẫn Debug trong WordPress</a> để biết thêm thông tin. (Thông điệp này đã được thêm vào trong phiên bản 6.7.0.) in C:\xampp\htdocs\myphamskytechcongnguyen\wp-includes\functions.php on line 6131
[22-Mar-2026 09:25:54 UTC] PHP Fatal error:  Cannot redeclare mypham_format_price() (previously declared in C:\xampp\htdocs\myphamskytechcongnguyen\wp-content\themes\mypham-theme\functions.php:104) in C:\xampp\htdocs\myphamskytechcongnguyen\wp-content\themes\mypham-theme\functions.php on line 1650
[22-Mar-2026 09:25:54 UTC] PHP Notice:  Function _load_textdomain_just_in_time được gọi <strong>không chính xác</strong>. Tải bản dịch cho miền <code>woocommerce</code> được kích hoạt quá sớm. Đây thường là dấu hiệu cho thấy một số mã trong plugin hoặc chủ đề chạy quá sớm. Bản dịch phải được tải tại hành động <code>init</code> hoặc sau đó. Vui lòng xem <a href="https://developer.wordpress.org/advanced-administration/debug/debug-wordpress/">Hướng dẫn Debug trong WordPress</a> để biết thêm thông tin. (Thông điệp này đã được thêm vào trong phiên bản 6.7.0.) in C:\xampp\htdocs\myphamskytechcongnguyen\wp-includes\functions.php on line 6131
[22-Mar-2026 09:45:13 UTC] PHP Fatal error:  Uncaught Error: Call to undefined function include_partial_product_card() in C:\xampp\htdocs\myphamskytechcongnguyen\wp-content\themes\mypham-theme\functions.php:235
Stack trace:
#0 C:\xampp\htdocs\myphamskytechcongnguyen\wp-includes\class-wp-hook.php(341): handle_product_filter_ajax('')
#1 C:\xampp\htdocs\myphamskytechcongnguyen\wp-includes\class-wp-hook.php(365): WP_Hook->apply_filters('', Array)
#2 C:\xampp\htdocs\myphamskytechcongnguyen\wp-includes\plugin.php(522): WP_Hook->do_action(Array)
#3 C:\xampp\htdocs\myphamskytechcongnguyen\wp-admin\admin-ajax.php(192): do_action('wp_ajax_filter_...')
#4 {main}
  thrown in C:\xampp\htdocs\myphamskytechcongnguyen\wp-content\themes\mypham-theme\functions.php on line 235
[22-Mar-2026 09:45:22 UTC] PHP Fatal error:  Uncaught Error: Call to undefined function include_partial_product_card() in C:\xampp\htdocs\myphamskytechcongnguyen\wp-content\themes\mypham-theme\functions.php:235
Stack trace:
#0 C:\xampp\htdocs\myphamskytechcongnguyen\wp-includes\class-wp-hook.php(341): handle_product_filter_ajax('')
#1 C:\xampp\htdocs\myphamskytechcongnguyen\wp-includes\class-wp-hook.php(365): WP_Hook->apply_filters('', Array)
#2 C:\xampp\htdocs\myphamskytechcongnguyen\wp-includes\plugin.php(522): WP_Hook->do_action(Array)
#3 C:\xampp\htdocs\myphamskytechcongnguyen\wp-admin\admin-ajax.php(192): do_action('wp_ajax_filter_...')
#4 {main}
  thrown in C:\xampp\htdocs\myphamskytechcongnguyen\wp-content\themes\mypham-theme\functions.php on line 235
[22-Mar-2026 10:20:06 UTC] WordPress database error Table 'myphamcongnguyenskytech.wp_orders' doesn't exist for query SHOW FULL COLUMNS FROM `wp_orders` made by do_action('wp_ajax_mypham_process_order'), WP_Hook->do_action, WP_Hook->apply_filters, mypham_process_order
[22-Mar-2026 10:20:09 UTC] WordPress database error Table 'myphamcongnguyenskytech.wp_orders' doesn't exist for query SHOW FULL COLUMNS FROM `wp_orders` made by do_action('wp_ajax_mypham_process_order'), WP_Hook->do_action, WP_Hook->apply_filters, mypham_process_order
[22-Mar-2026 10:23:26 UTC] PHP Fatal error:  Cannot redeclare mypham_get_wishlist() (previously declared in C:\xampp\htdocs\myphamskytechcongnguyen\wp-content\themes\mypham-theme\functions.php:716) in C:\xampp\htdocs\myphamskytechcongnguyen\wp-content\themes\mypham-theme\functions.php on line 1559
[22-Mar-2026 10:23:26 UTC] PHP Notice:  Function _load_textdomain_just_in_time được gọi <strong>không chính xác</strong>. Tải bản dịch cho miền <code>woocommerce</code> được kích hoạt quá sớm. Đây thường là dấu hiệu cho thấy một số mã trong plugin hoặc chủ đề chạy quá sớm. Bản dịch phải được tải tại hành động <code>init</code> hoặc sau đó. Vui lòng xem <a href="https://developer.wordpress.org/advanced-administration/debug/debug-wordpress/">Hướng dẫn Debug trong WordPress</a> để biết thêm thông tin. (Thông điệp này đã được thêm vào trong phiên bản 6.7.0.) in C:\xampp\htdocs\myphamskytechcongnguyen\wp-includes\functions.php on line 6131
[22-Mar-2026 10:24:14 UTC] PHP Fatal error:  Cannot redeclare mypham_get_wishlist() (previously declared in C:\xampp\htdocs\myphamskytechcongnguyen\wp-content\themes\mypham-theme\functions.php:716) in C:\xampp\htdocs\myphamskytechcongnguyen\wp-content\themes\mypham-theme\functions.php on line 1559
[22-Mar-2026 10:24:14 UTC] PHP Notice:  Function _load_textdomain_just_in_time được gọi <strong>không chính xác</strong>. Tải bản dịch cho miền <code>woocommerce</code> được kích hoạt quá sớm. Đây thường là dấu hiệu cho thấy một số mã trong plugin hoặc chủ đề chạy quá sớm. Bản dịch phải được tải tại hành động <code>init</code> hoặc sau đó. Vui lòng xem <a href="https://developer.wordpress.org/advanced-administration/debug/debug-wordpress/">Hướng dẫn Debug trong WordPress</a> để biết thêm thông tin. (Thông điệp này đã được thêm vào trong phiên bản 6.7.0.) in C:\xampp\htdocs\myphamskytechcongnguyen\wp-includes\functions.php on line 6131
[22-Mar-2026 10:25:35 UTC] PHP Fatal error:  Cannot redeclare mypham_add_to_wishlist() (previously declared in C:\xampp\htdocs\myphamskytechcongnguyen\wp-content\themes\mypham-theme\functions.php:693) in C:\xampp\htdocs\myphamskytechcongnguyen\wp-content\themes\mypham-theme\functions.php on line 1562
[22-Mar-2026 10:25:35 UTC] PHP Notice:  Function _load_textdomain_just_in_time được gọi <strong>không chính xác</strong>. Tải bản dịch cho miền <code>woocommerce</code> được kích hoạt quá sớm. Đây thường là dấu hiệu cho thấy một số mã trong plugin hoặc chủ đề chạy quá sớm. Bản dịch phải được tải tại hành động <code>init</code> hoặc sau đó. Vui lòng xem <a href="https://developer.wordpress.org/advanced-administration/debug/debug-wordpress/">Hướng dẫn Debug trong WordPress</a> để biết thêm thông tin. (Thông điệp này đã được thêm vào trong phiên bản 6.7.0.) in C:\xampp\htdocs\myphamskytechcongnguyen\wp-includes\functions.php on line 6131
[22-Mar-2026 10:25:37 UTC] PHP Fatal error:  Cannot redeclare mypham_add_to_wishlist() (previously declared in C:\xampp\htdocs\myphamskytechcongnguyen\wp-content\themes\mypham-theme\functions.php:693) in C:\xampp\htdocs\myphamskytechcongnguyen\wp-content\themes\mypham-theme\functions.php on line 1562
[22-Mar-2026 10:25:37 UTC] PHP Notice:  Function _load_textdomain_just_in_time được gọi <strong>không chính xác</strong>. Tải bản dịch cho miền <code>woocommerce</code> được kích hoạt quá sớm. Đây thường là dấu hiệu cho thấy một số mã trong plugin hoặc chủ đề chạy quá sớm. Bản dịch phải được tải tại hành động <code>init</code> hoặc sau đó. Vui lòng xem <a href="https://developer.wordpress.org/advanced-administration/debug/debug-wordpress/">Hướng dẫn Debug trong WordPress</a> để biết thêm thông tin. (Thông điệp này đã được thêm vào trong phiên bản 6.7.0.) in C:\xampp\htdocs\myphamskytechcongnguyen\wp-includes\functions.php on line 6131
[22-Mar-2026 10:26:15 UTC] PHP Fatal error:  Cannot redeclare mypham_add_to_wishlist() (previously declared in C:\xampp\htdocs\myphamskytechcongnguyen\wp-content\themes\mypham-theme\functions.php:693) in C:\xampp\htdocs\myphamskytechcongnguyen\wp-content\themes\mypham-theme\functions.php on line 1562
[22-Mar-2026 10:26:15 UTC] PHP Notice:  Function _load_textdomain_just_in_time được gọi <strong>không chính xác</strong>. Tải bản dịch cho miền <code>woocommerce</code> được kích hoạt quá sớm. Đây thường là dấu hiệu cho thấy một số mã trong plugin hoặc chủ đề chạy quá sớm. Bản dịch phải được tải tại hành động <code>init</code> hoặc sau đó. Vui lòng xem <a href="https://developer.wordpress.org/advanced-administration/debug/debug-wordpress/">Hướng dẫn Debug trong WordPress</a> để biết thêm thông tin. (Thông điệp này đã được thêm vào trong phiên bản 6.7.0.) in C:\xampp\htdocs\myphamskytechcongnguyen\wp-includes\functions.php on line 6131
[22-Mar-2026 10:28:19 UTC] PHP Warning:  Undefined variable $has_price in C:\xampp\htdocs\myphamskytechcongnguyen\wp-content\themes\mypham-theme\single-product.php on line 52
[22-Mar-2026 10:28:38 UTC] PHP Warning:  Undefined variable $has_price in C:\xampp\htdocs\myphamskytechcongnguyen\wp-content\themes\mypham-theme\single-product.php on line 52
[22-Mar-2026 10:29:16 UTC] PHP Fatal error:  Uncaught Error: Call to undefined function include_partial_product_card() in C:\xampp\htdocs\myphamskytechcongnguyen\wp-content\themes\mypham-theme\functions.php:235
Stack trace:
#0 C:\xampp\htdocs\myphamskytechcongnguyen\wp-includes\class-wp-hook.php(341): handle_product_filter_ajax('')
#1 C:\xampp\htdocs\myphamskytechcongnguyen\wp-includes\class-wp-hook.php(365): WP_Hook->apply_filters('', Array)
#2 C:\xampp\htdocs\myphamskytechcongnguyen\wp-includes\plugin.php(522): WP_Hook->do_action(Array)
#3 C:\xampp\htdocs\myphamskytechcongnguyen\wp-admin\admin-ajax.php(192): do_action('wp_ajax_filter_...')
#4 {main}
  thrown in C:\xampp\htdocs\myphamskytechcongnguyen\wp-content\themes\mypham-theme\functions.php on line 235
[22-Mar-2026 10:29:25 UTC] PHP Fatal error:  Uncaught Error: Call to undefined function include_partial_product_card() in C:\xampp\htdocs\myphamskytechcongnguyen\wp-content\themes\mypham-theme\functions.php:235
Stack trace:
#0 C:\xampp\htdocs\myphamskytechcongnguyen\wp-includes\class-wp-hook.php(341): handle_product_filter_ajax('')
#1 C:\xampp\htdocs\myphamskytechcongnguyen\wp-includes\class-wp-hook.php(365): WP_Hook->apply_filters('', Array)
#2 C:\xampp\htdocs\myphamskytechcongnguyen\wp-includes\plugin.php(522): WP_Hook->do_action(Array)
#3 C:\xampp\htdocs\myphamskytechcongnguyen\wp-admin\admin-ajax.php(192): do_action('wp_ajax_filter_...')
#4 {main}
  thrown in C:\xampp\htdocs\myphamskytechcongnguyen\wp-content\themes\mypham-theme\functions.php on line 235
[22-Mar-2026 10:29:34 UTC] PHP Fatal error:  Uncaught Error: Call to undefined function include_partial_product_card() in C:\xampp\htdocs\myphamskytechcongnguyen\wp-content\themes\mypham-theme\functions.php:235
Stack trace:
#0 C:\xampp\htdocs\myphamskytechcongnguyen\wp-includes\class-wp-hook.php(341): handle_product_filter_ajax('')
#1 C:\xampp\htdocs\myphamskytechcongnguyen\wp-includes\class-wp-hook.php(365): WP_Hook->apply_filters('', Array)
#2 C:\xampp\htdocs\myphamskytechcongnguyen\wp-includes\plugin.php(522): WP_Hook->do_action(Array)
#3 C:\xampp\htdocs\myphamskytechcongnguyen\wp-admin\admin-ajax.php(192): do_action('wp_ajax_filter_...')
#4 {main}
  thrown in C:\xampp\htdocs\myphamskytechcongnguyen\wp-content\themes\mypham-theme\functions.php on line 235
[22-Mar-2026 10:29:39 UTC] PHP Fatal error:  Uncaught Error: Call to undefined function include_partial_product_card() in C:\xampp\htdocs\myphamskytechcongnguyen\wp-content\themes\mypham-theme\functions.php:235
Stack trace:
#0 C:\xampp\htdocs\myphamskytechcongnguyen\wp-includes\class-wp-hook.php(341): handle_product_filter_ajax('')
#1 C:\xampp\htdocs\myphamskytechcongnguyen\wp-includes\class-wp-hook.php(365): WP_Hook->apply_filters('', Array)
#2 C:\xampp\htdocs\myphamskytechcongnguyen\wp-includes\plugin.php(522): WP_Hook->do_action(Array)
#3 C:\xampp\htdocs\myphamskytechcongnguyen\wp-admin\admin-ajax.php(192): do_action('wp_ajax_filter_...')
#4 {main}
  thrown in C:\xampp\htdocs\myphamskytechcongnguyen\wp-content\themes\mypham-theme\functions.php on line 235
[22-Mar-2026 10:29:43 UTC] PHP Fatal error:  Uncaught Error: Call to undefined function include_partial_product_card() in C:\xampp\htdocs\myphamskytechcongnguyen\wp-content\themes\mypham-theme\functions.php:235
Stack trace:
#0 C:\xampp\htdocs\myphamskytechcongnguyen\wp-includes\class-wp-hook.php(341): handle_product_filter_ajax('')
#1 C:\xampp\htdocs\myphamskytechcongnguyen\wp-includes\class-wp-hook.php(365): WP_Hook->apply_filters('', Array)
#2 C:\xampp\htdocs\myphamskytechcongnguyen\wp-includes\plugin.php(522): WP_Hook->do_action(Array)
#3 C:\xampp\htdocs\myphamskytechcongnguyen\wp-admin\admin-ajax.php(192): do_action('wp_ajax_filter_...')
#4 {main}
  thrown in C:\xampp\htdocs\myphamskytechcongnguyen\wp-content\themes\mypham-theme\functions.php on line 235
[22-Mar-2026 10:39:22 UTC] PHP Fatal error:  Cannot redeclare mypham_process_order() (previously declared in C:\xampp\htdocs\myphamskytechcongnguyen\wp-content\themes\mypham-theme\functions.php:413) in C:\xampp\htdocs\myphamskytechcongnguyen\wp-content\themes\mypham-theme\functions.php on line 789
[22-Mar-2026 10:39:22 UTC] PHP Notice:  Function _load_textdomain_just_in_time được gọi <strong>không chính xác</strong>. Tải bản dịch cho miền <code>woocommerce</code> được kích hoạt quá sớm. Đây thường là dấu hiệu cho thấy một số mã trong plugin hoặc chủ đề chạy quá sớm. Bản dịch phải được tải tại hành động <code>init</code> hoặc sau đó. Vui lòng xem <a href="https://developer.wordpress.org/advanced-administration/debug/debug-wordpress/">Hướng dẫn Debug trong WordPress</a> để biết thêm thông tin. (Thông điệp này đã được thêm vào trong phiên bản 6.7.0.) in C:\xampp\htdocs\myphamskytechcongnguyen\wp-includes\functions.php on line 6131
[22-Mar-2026 10:39:41 UTC] PHP Fatal error:  Cannot redeclare mypham_process_order() (previously declared in C:\xampp\htdocs\myphamskytechcongnguyen\wp-content\themes\mypham-theme\functions.php:413) in C:\xampp\htdocs\myphamskytechcongnguyen\wp-content\themes\mypham-theme\functions.php on line 789
[22-Mar-2026 10:39:41 UTC] PHP Notice:  Function _load_textdomain_just_in_time được gọi <strong>không chính xác</strong>. Tải bản dịch cho miền <code>woocommerce</code> được kích hoạt quá sớm. Đây thường là dấu hiệu cho thấy một số mã trong plugin hoặc chủ đề chạy quá sớm. Bản dịch phải được tải tại hành động <code>init</code> hoặc sau đó. Vui lòng xem <a href="https://developer.wordpress.org/advanced-administration/debug/debug-wordpress/">Hướng dẫn Debug trong WordPress</a> để biết thêm thông tin. (Thông điệp này đã được thêm vào trong phiên bản 6.7.0.) in C:\xampp\htdocs\myphamskytechcongnguyen\wp-includes\functions.php on line 6131
[22-Mar-2026 10:39:42 UTC] PHP Fatal error:  Cannot redeclare mypham_process_order() (previously declared in C:\xampp\htdocs\myphamskytechcongnguyen\wp-content\themes\mypham-theme\functions.php:413) in C:\xampp\htdocs\myphamskytechcongnguyen\wp-content\themes\mypham-theme\functions.php on line 789
[22-Mar-2026 10:39:42 UTC] PHP Notice:  Function _load_textdomain_just_in_time được gọi <strong>không chính xác</strong>. Tải bản dịch cho miền <code>woocommerce</code> được kích hoạt quá sớm. Đây thường là dấu hiệu cho thấy một số mã trong plugin hoặc chủ đề chạy quá sớm. Bản dịch phải được tải tại hành động <code>init</code> hoặc sau đó. Vui lòng xem <a href="https://developer.wordpress.org/advanced-administration/debug/debug-wordpress/">Hướng dẫn Debug trong WordPress</a> để biết thêm thông tin. (Thông điệp này đã được thêm vào trong phiên bản 6.7.0.) in C:\xampp\htdocs\myphamskytechcongnguyen\wp-includes\functions.php on line 6131
[22-Mar-2026 10:41:23 UTC] PHP Fatal error:  Cannot redeclare mypham_process_order() (previously declared in C:\xampp\htdocs\myphamskytechcongnguyen\wp-content\themes\mypham-theme\functions.php:413) in C:\xampp\htdocs\myphamskytechcongnguyen\wp-content\themes\mypham-theme\functions.php on line 789
[22-Mar-2026 10:41:23 UTC] PHP Notice:  Function _load_textdomain_just_in_time được gọi <strong>không chính xác</strong>. Tải bản dịch cho miền <code>woocommerce</code> được kích hoạt quá sớm. Đây thường là dấu hiệu cho thấy một số mã trong plugin hoặc chủ đề chạy quá sớm. Bản dịch phải được tải tại hành động <code>init</code> hoặc sau đó. Vui lòng xem <a href="https://developer.wordpress.org/advanced-administration/debug/debug-wordpress/">Hướng dẫn Debug trong WordPress</a> để biết thêm thông tin. (Thông điệp này đã được thêm vào trong phiên bản 6.7.0.) in C:\xampp\htdocs\myphamskytechcongnguyen\wp-includes\functions.php on line 6131
[22-Mar-2026 10:43:08 UTC] PHP Parse error:  syntax error, unexpected token "<", expecting end of file in C:\xampp\htdocs\myphamskytechcongnguyen\wp-content\themes\mypham-theme\functions.php on line 15
[22-Mar-2026 10:43:08 UTC] PHP Notice:  Function _load_textdomain_just_in_time được gọi <strong>không chính xác</strong>. Tải bản dịch cho miền <code>woocommerce</code> được kích hoạt quá sớm. Đây thường là dấu hiệu cho thấy một số mã trong plugin hoặc chủ đề chạy quá sớm. Bản dịch phải được tải tại hành động <code>init</code> hoặc sau đó. Vui lòng xem <a href="https://developer.wordpress.org/advanced-administration/debug/debug-wordpress/">Hướng dẫn Debug trong WordPress</a> để biết thêm thông tin. (Thông điệp này đã được thêm vào trong phiên bản 6.7.0.) in C:\xampp\htdocs\myphamskytechcongnguyen\wp-includes\functions.php on line 6131
[22-Mar-2026 10:43:10 UTC] PHP Parse error:  syntax error, unexpected token "<", expecting end of file in C:\xampp\htdocs\myphamskytechcongnguyen\wp-content\themes\mypham-theme\functions.php on line 15
[22-Mar-2026 10:43:10 UTC] PHP Notice:  Function _load_textdomain_just_in_time được gọi <strong>không chính xác</strong>. Tải bản dịch cho miền <code>woocommerce</code> được kích hoạt quá sớm. Đây thường là dấu hiệu cho thấy một số mã trong plugin hoặc chủ đề chạy quá sớm. Bản dịch phải được tải tại hành động <code>init</code> hoặc sau đó. Vui lòng xem <a href="https://developer.wordpress.org/advanced-administration/debug/debug-wordpress/">Hướng dẫn Debug trong WordPress</a> để biết thêm thông tin. (Thông điệp này đã được thêm vào trong phiên bản 6.7.0.) in C:\xampp\htdocs\myphamskytechcongnguyen\wp-includes\functions.php on line 6131
[22-Mar-2026 10:45:09 UTC] PHP Parse error:  syntax error, unexpected token "<", expecting end of file in C:\xampp\htdocs\myphamskytechcongnguyen\wp-content\themes\mypham-theme\functions.php on line 15
[22-Mar-2026 10:45:09 UTC] PHP Notice:  Function _load_textdomain_just_in_time được gọi <strong>không chính xác</strong>. Tải bản dịch cho miền <code>woocommerce</code> được kích hoạt quá sớm. Đây thường là dấu hiệu cho thấy một số mã trong plugin hoặc chủ đề chạy quá sớm. Bản dịch phải được tải tại hành động <code>init</code> hoặc sau đó. Vui lòng xem <a href="https://developer.wordpress.org/advanced-administration/debug/debug-wordpress/">Hướng dẫn Debug trong WordPress</a> để biết thêm thông tin. (Thông điệp này đã được thêm vào trong phiên bản 6.7.0.) in C:\xampp\htdocs\myphamskytechcongnguyen\wp-includes\functions.php on line 6131
[22-Mar-2026 10:47:09 UTC] PHP Fatal error:  Cannot redeclare mypham_start_session() (previously declared in C:\xampp\htdocs\myphamskytechcongnguyen\wp-content\themes\mypham-theme\functions.php:9) in C:\xampp\htdocs\myphamskytechcongnguyen\wp-content\themes\mypham-theme\functions.php on line 16
[22-Mar-2026 10:47:09 UTC] PHP Notice:  Function _load_textdomain_just_in_time được gọi <strong>không chính xác</strong>. Tải bản dịch cho miền <code>woocommerce</code> được kích hoạt quá sớm. Đây thường là dấu hiệu cho thấy một số mã trong plugin hoặc chủ đề chạy quá sớm. Bản dịch phải được tải tại hành động <code>init</code> hoặc sau đó. Vui lòng xem <a href="https://developer.wordpress.org/advanced-administration/debug/debug-wordpress/">Hướng dẫn Debug trong WordPress</a> để biết thêm thông tin. (Thông điệp này đã được thêm vào trong phiên bản 6.7.0.) in C:\xampp\htdocs\myphamskytechcongnguyen\wp-includes\functions.php on line 6131
[22-Mar-2026 10:47:13 UTC] PHP Fatal error:  Cannot redeclare mypham_start_session() (previously declared in C:\xampp\htdocs\myphamskytechcongnguyen\wp-content\themes\mypham-theme\functions.php:9) in C:\xampp\htdocs\myphamskytechcongnguyen\wp-content\themes\mypham-theme\functions.php on line 16
[22-Mar-2026 10:47:13 UTC] PHP Notice:  Function _load_textdomain_just_in_time được gọi <strong>không chính xác</strong>. Tải bản dịch cho miền <code>woocommerce</code> được kích hoạt quá sớm. Đây thường là dấu hiệu cho thấy một số mã trong plugin hoặc chủ đề chạy quá sớm. Bản dịch phải được tải tại hành động <code>init</code> hoặc sau đó. Vui lòng xem <a href="https://developer.wordpress.org/advanced-administration/debug/debug-wordpress/">Hướng dẫn Debug trong WordPress</a> để biết thêm thông tin. (Thông điệp này đã được thêm vào trong phiên bản 6.7.0.) in C:\xampp\htdocs\myphamskytechcongnguyen\wp-includes\functions.php on line 6131
[22-Mar-2026 10:49:10 UTC] PHP Fatal error:  Cannot redeclare mypham_start_session() (previously declared in C:\xampp\htdocs\myphamskytechcongnguyen\wp-content\themes\mypham-theme\functions.php:9) in C:\xampp\htdocs\myphamskytechcongnguyen\wp-content\themes\mypham-theme\functions.php on line 16
[22-Mar-2026 10:49:10 UTC] PHP Notice:  Function _load_textdomain_just_in_time được gọi <strong>không chính xác</strong>. Tải bản dịch cho miền <code>woocommerce</code> được kích hoạt quá sớm. Đây thường là dấu hiệu cho thấy một số mã trong plugin hoặc chủ đề chạy quá sớm. Bản dịch phải được tải tại hành động <code>init</code> hoặc sau đó. Vui lòng xem <a href="https://developer.wordpress.org/advanced-administration/debug/debug-wordpress/">Hướng dẫn Debug trong WordPress</a> để biết thêm thông tin. (Thông điệp này đã được thêm vào trong phiên bản 6.7.0.) in C:\xampp\htdocs\myphamskytechcongnguyen\wp-includes\functions.php on line 6131
[22-Mar-2026 10:49:29 UTC] PHP Fatal error:  Uncaught Error: Call to undefined function mypham_get_wishlist() in C:\xampp\htdocs\myphamskytechcongnguyen\wp-content\themes\mypham-theme\header.php:102
Stack trace:
#0 C:\xampp\htdocs\myphamskytechcongnguyen\wp-includes\template.php(814): require_once()
#1 C:\xampp\htdocs\myphamskytechcongnguyen\wp-includes\template.php(749): load_template('C:\\xampp\\htdocs...', true, Array)
#2 C:\xampp\htdocs\myphamskytechcongnguyen\wp-includes\general-template.php(48): locate_template(Array, true, true, Array)
#3 C:\xampp\htdocs\myphamskytechcongnguyen\wp-content\themes\mypham-theme\front-page.php(7): get_header()
#4 C:\xampp\htdocs\myphamskytechcongnguyen\wp-includes\template-loader.php(132): include('C:\\xampp\\htdocs...')
#5 C:\xampp\htdocs\myphamskytechcongnguyen\wp-blog-header.php(19): require_once('C:\\xampp\\htdocs...')
#6 C:\xampp\htdocs\myphamskytechcongnguyen\index.php(17): require('C:\\xampp\\htdocs...')
#7 {main}
  thrown in C:\xampp\htdocs\myphamskytechcongnguyen\wp-content\themes\mypham-theme\header.php on line 102
[22-Mar-2026 10:49:30 UTC] PHP Fatal error:  Uncaught Error: Call to undefined function mypham_get_wishlist() in C:\xampp\htdocs\myphamskytechcongnguyen\wp-content\themes\mypham-theme\header.php:102
Stack trace:
#0 C:\xampp\htdocs\myphamskytechcongnguyen\wp-includes\template.php(814): require_once()
#1 C:\xampp\htdocs\myphamskytechcongnguyen\wp-includes\template.php(749): load_template('C:\\xampp\\htdocs...', true, Array)
#2 C:\xampp\htdocs\myphamskytechcongnguyen\wp-includes\general-template.php(48): locate_template(Array, true, true, Array)
#3 C:\xampp\htdocs\myphamskytechcongnguyen\wp-content\themes\mypham-theme\404.php(8): get_header()
#4 C:\xampp\htdocs\myphamskytechcongnguyen\wp-includes\template-loader.php(132): include('C:\\xampp\\htdocs...')
#5 C:\xampp\htdocs\myphamskytechcongnguyen\wp-blog-header.php(19): require_once('C:\\xampp\\htdocs...')
#6 C:\xampp\htdocs\myphamskytechcongnguyen\index.php(17): require('C:\\xampp\\htdocs...')
#7 {main}
  thrown in C:\xampp\htdocs\myphamskytechcongnguyen\wp-content\themes\mypham-theme\header.php on line 102
[22-Mar-2026 10:54:25 UTC] PHP Fatal error:  Cannot redeclare mypham_clear_cart() (previously declared in C:\xampp\htdocs\myphamskytechcongnguyen\wp-content\themes\mypham-theme\functions.php:293) in C:\xampp\htdocs\myphamskytechcongnguyen\wp-content\themes\mypham-theme\functions.php on line 572
[22-Mar-2026 10:54:25 UTC] PHP Notice:  Function _load_textdomain_just_in_time được gọi <strong>không chính xác</strong>. Tải bản dịch cho miền <code>woocommerce</code> được kích hoạt quá sớm. Đây thường là dấu hiệu cho thấy một số mã trong plugin hoặc chủ đề chạy quá sớm. Bản dịch phải được tải tại hành động <code>init</code> hoặc sau đó. Vui lòng xem <a href="https://developer.wordpress.org/advanced-administration/debug/debug-wordpress/">Hướng dẫn Debug trong WordPress</a> để biết thêm thông tin. (Thông điệp này đã được thêm vào trong phiên bản 6.7.0.) in C:\xampp\htdocs\myphamskytechcongnguyen\wp-includes\functions.php on line 6131
[22-Mar-2026 10:54:25 UTC] PHP Fatal error:  Cannot redeclare mypham_clear_cart() (previously declared in C:\xampp\htdocs\myphamskytechcongnguyen\wp-content\themes\mypham-theme\functions.php:293) in C:\xampp\htdocs\myphamskytechcongnguyen\wp-content\themes\mypham-theme\functions.php on line 572
[22-Mar-2026 10:54:25 UTC] PHP Notice:  Function _load_textdomain_just_in_time được gọi <strong>không chính xác</strong>. Tải bản dịch cho miền <code>woocommerce</code> được kích hoạt quá sớm. Đây thường là dấu hiệu cho thấy một số mã trong plugin hoặc chủ đề chạy quá sớm. Bản dịch phải được tải tại hành động <code>init</code> hoặc sau đó. Vui lòng xem <a href="https://developer.wordpress.org/advanced-administration/debug/debug-wordpress/">Hướng dẫn Debug trong WordPress</a> để biết thêm thông tin. (Thông điệp này đã được thêm vào trong phiên bản 6.7.0.) in C:\xampp\htdocs\myphamskytechcongnguyen\wp-includes\functions.php on line 6131
[22-Mar-2026 10:54:27 UTC] PHP Fatal error:  Cannot redeclare mypham_clear_cart() (previously declared in C:\xampp\htdocs\myphamskytechcongnguyen\wp-content\themes\mypham-theme\functions.php:293) in C:\xampp\htdocs\myphamskytechcongnguyen\wp-content\themes\mypham-theme\functions.php on line 572
[22-Mar-2026 10:54:27 UTC] PHP Notice:  Function _load_textdomain_just_in_time được gọi <strong>không chính xác</strong>. Tải bản dịch cho miền <code>woocommerce</code> được kích hoạt quá sớm. Đây thường là dấu hiệu cho thấy một số mã trong plugin hoặc chủ đề chạy quá sớm. Bản dịch phải được tải tại hành động <code>init</code> hoặc sau đó. Vui lòng xem <a href="https://developer.wordpress.org/advanced-administration/debug/debug-wordpress/">Hướng dẫn Debug trong WordPress</a> để biết thêm thông tin. (Thông điệp này đã được thêm vào trong phiên bản 6.7.0.) in C:\xampp\htdocs\myphamskytechcongnguyen\wp-includes\functions.php on line 6131
[22-Mar-2026 10:55:22 UTC] PHP Fatal error:  Cannot redeclare mypham_clear_cart() (previously declared in C:\xampp\htdocs\myphamskytechcongnguyen\wp-content\themes\mypham-theme\functions.php:293) in C:\xampp\htdocs\myphamskytechcongnguyen\wp-content\themes\mypham-theme\functions.php on line 572
[22-Mar-2026 10:55:22 UTC] PHP Notice:  Function _load_textdomain_just_in_time được gọi <strong>không chính xác</strong>. Tải bản dịch cho miền <code>woocommerce</code> được kích hoạt quá sớm. Đây thường là dấu hiệu cho thấy một số mã trong plugin hoặc chủ đề chạy quá sớm. Bản dịch phải được tải tại hành động <code>init</code> hoặc sau đó. Vui lòng xem <a href="https://developer.wordpress.org/advanced-administration/debug/debug-wordpress/">Hướng dẫn Debug trong WordPress</a> để biết thêm thông tin. (Thông điệp này đã được thêm vào trong phiên bản 6.7.0.) in C:\xampp\htdocs\myphamskytechcongnguyen\wp-includes\functions.php on line 6131
[22-Mar-2026 10:55:37 UTC] PHP Fatal error:  Cannot redeclare mypham_clear_cart() (previously declared in C:\xampp\htdocs\myphamskytechcongnguyen\wp-content\themes\mypham-theme\functions.php:293) in C:\xampp\htdocs\myphamskytechcongnguyen\wp-content\themes\mypham-theme\functions.php on line 572
[22-Mar-2026 10:55:37 UTC] PHP Notice:  Function _load_textdomain_just_in_time được gọi <strong>không chính xác</strong>. Tải bản dịch cho miền <code>woocommerce</code> được kích hoạt quá sớm. Đây thường là dấu hiệu cho thấy một số mã trong plugin hoặc chủ đề chạy quá sớm. Bản dịch phải được tải tại hành động <code>init</code> hoặc sau đó. Vui lòng xem <a href="https://developer.wordpress.org/advanced-administration/debug/debug-wordpress/">Hướng dẫn Debug trong WordPress</a> để biết thêm thông tin. (Thông điệp này đã được thêm vào trong phiên bản 6.7.0.) in C:\xampp\htdocs\myphamskytechcongnguyen\wp-includes\functions.php on line 6131
[22-Mar-2026 10:56:12 UTC] PHP Fatal error:  Cannot redeclare mypham_process_order() (previously declared in C:\xampp\htdocs\myphamskytechcongnguyen\wp-content\themes\mypham-theme\functions.php:166) in C:\xampp\htdocs\myphamskytechcongnguyen\wp-content\themes\mypham-theme\functions.php on line 574
[22-Mar-2026 10:56:12 UTC] PHP Notice:  Function _load_textdomain_just_in_time được gọi <strong>không chính xác</strong>. Tải bản dịch cho miền <code>woocommerce</code> được kích hoạt quá sớm. Đây thường là dấu hiệu cho thấy một số mã trong plugin hoặc chủ đề chạy quá sớm. Bản dịch phải được tải tại hành động <code>init</code> hoặc sau đó. Vui lòng xem <a href="https://developer.wordpress.org/advanced-administration/debug/debug-wordpress/">Hướng dẫn Debug trong WordPress</a> để biết thêm thông tin. (Thông điệp này đã được thêm vào trong phiên bản 6.7.0.) in C:\xampp\htdocs\myphamskytechcongnguyen\wp-includes\functions.php on line 6131
[22-Mar-2026 10:57:10 UTC] PHP Fatal error:  Cannot redeclare mypham_send_order_confirmation_email() (previously declared in C:\xampp\htdocs\myphamskytechcongnguyen\wp-content\themes\mypham-theme\functions.php:249) in C:\xampp\htdocs\myphamskytechcongnguyen\wp-content\themes\mypham-theme\functions.php on line 855
[22-Mar-2026 10:57:10 UTC] PHP Notice:  Function _load_textdomain_just_in_time được gọi <strong>không chính xác</strong>. Tải bản dịch cho miền <code>woocommerce</code> được kích hoạt quá sớm. Đây thường là dấu hiệu cho thấy một số mã trong plugin hoặc chủ đề chạy quá sớm. Bản dịch phải được tải tại hành động <code>init</code> hoặc sau đó. Vui lòng xem <a href="https://developer.wordpress.org/advanced-administration/debug/debug-wordpress/">Hướng dẫn Debug trong WordPress</a> để biết thêm thông tin. (Thông điệp này đã được thêm vào trong phiên bản 6.7.0.) in C:\xampp\htdocs\myphamskytechcongnguyen\wp-includes\functions.php on line 6131
[22-Mar-2026 10:57:38 UTC] PHP Fatal error:  Cannot redeclare mypham_send_order_confirmation_email() (previously declared in C:\xampp\htdocs\myphamskytechcongnguyen\wp-content\themes\mypham-theme\functions.php:249) in C:\xampp\htdocs\myphamskytechcongnguyen\wp-content\themes\mypham-theme\functions.php on line 855
[22-Mar-2026 10:57:38 UTC] PHP Notice:  Function _load_textdomain_just_in_time được gọi <strong>không chính xác</strong>. Tải bản dịch cho miền <code>woocommerce</code> được kích hoạt quá sớm. Đây thường là dấu hiệu cho thấy một số mã trong plugin hoặc chủ đề chạy quá sớm. Bản dịch phải được tải tại hành động <code>init</code> hoặc sau đó. Vui lòng xem <a href="https://developer.wordpress.org/advanced-administration/debug/debug-wordpress/">Hướng dẫn Debug trong WordPress</a> để biết thêm thông tin. (Thông điệp này đã được thêm vào trong phiên bản 6.7.0.) in C:\xampp\htdocs\myphamskytechcongnguyen\wp-includes\functions.php on line 6131
[22-Mar-2026 10:57:44 UTC] PHP Fatal error:  Cannot redeclare mypham_register_order_post_type() (previously declared in C:\xampp\htdocs\myphamskytechcongnguyen\wp-content\themes\mypham-theme\functions.php:136) in C:\xampp\htdocs\myphamskytechcongnguyen\wp-content\themes\mypham-theme\functions.php on line 911
[22-Mar-2026 10:57:44 UTC] PHP Notice:  Function _load_textdomain_just_in_time được gọi <strong>không chính xác</strong>. Tải bản dịch cho miền <code>woocommerce</code> được kích hoạt quá sớm. Đây thường là dấu hiệu cho thấy một số mã trong plugin hoặc chủ đề chạy quá sớm. Bản dịch phải được tải tại hành động <code>init</code> hoặc sau đó. Vui lòng xem <a href="https://developer.wordpress.org/advanced-administration/debug/debug-wordpress/">Hướng dẫn Debug trong WordPress</a> để biết thêm thông tin. (Thông điệp này đã được thêm vào trong phiên bản 6.7.0.) in C:\xampp\htdocs\myphamskytechcongnguyen\wp-includes\functions.php on line 6131
[22-Mar-2026 11:05:28 UTC] PHP Parse error:  Unclosed '{' on line 579 in C:\xampp\htdocs\myphamskytechcongnguyen\wp-content\themes\mypham-theme\functions.php on line 1685
[22-Mar-2026 11:05:28 UTC] PHP Notice:  Function _load_textdomain_just_in_time được gọi <strong>không chính xác</strong>. Tải bản dịch cho miền <code>woocommerce</code> được kích hoạt quá sớm. Đây thường là dấu hiệu cho thấy một số mã trong plugin hoặc chủ đề chạy quá sớm. Bản dịch phải được tải tại hành động <code>init</code> hoặc sau đó. Vui lòng xem <a href="https://developer.wordpress.org/advanced-administration/debug/debug-wordpress/">Hướng dẫn Debug trong WordPress</a> để biết thêm thông tin. (Thông điệp này đã được thêm vào trong phiên bản 6.7.0.) in C:\xampp\htdocs\myphamskytechcongnguyen\wp-includes\functions.php on line 6131
[22-Mar-2026 11:05:28 UTC] PHP Parse error:  Unclosed '{' on line 579 in C:\xampp\htdocs\myphamskytechcongnguyen\wp-content\themes\mypham-theme\functions.php on line 1685
[22-Mar-2026 11:05:28 UTC] PHP Notice:  Function _load_textdomain_just_in_time được gọi <strong>không chính xác</strong>. Tải bản dịch cho miền <code>woocommerce</code> được kích hoạt quá sớm. Đây thường là dấu hiệu cho thấy một số mã trong plugin hoặc chủ đề chạy quá sớm. Bản dịch phải được tải tại hành động <code>init</code> hoặc sau đó. Vui lòng xem <a href="https://developer.wordpress.org/advanced-administration/debug/debug-wordpress/">Hướng dẫn Debug trong WordPress</a> để biết thêm thông tin. (Thông điệp này đã được thêm vào trong phiên bản 6.7.0.) in C:\xampp\htdocs\myphamskytechcongnguyen\wp-includes\functions.php on line 6131
[22-Mar-2026 11:05:29 UTC] PHP Parse error:  Unclosed '{' on line 579 in C:\xampp\htdocs\myphamskytechcongnguyen\wp-content\themes\mypham-theme\functions.php on line 1685
[22-Mar-2026 11:05:29 UTC] PHP Notice:  Function _load_textdomain_just_in_time được gọi <strong>không chính xác</strong>. Tải bản dịch cho miền <code>woocommerce</code> được kích hoạt quá sớm. Đây thường là dấu hiệu cho thấy một số mã trong plugin hoặc chủ đề chạy quá sớm. Bản dịch phải được tải tại hành động <code>init</code> hoặc sau đó. Vui lòng xem <a href="https://developer.wordpress.org/advanced-administration/debug/debug-wordpress/">Hướng dẫn Debug trong WordPress</a> để biết thêm thông tin. (Thông điệp này đã được thêm vào trong phiên bản 6.7.0.) in C:\xampp\htdocs\myphamskytechcongnguyen\wp-includes\functions.php on line 6131
[22-Mar-2026 12:06:15 UTC] PHP Parse error:  syntax error, unexpected single-quoted string "nonce", expecting "]" in C:\xampp\htdocs\myphamskytechcongnguyen\wp-content\themes\mypham-theme\functions.php on line 645
[22-Mar-2026 12:06:15 UTC] PHP Notice:  Function _load_textdomain_just_in_time được gọi <strong>không chính xác</strong>. Tải bản dịch cho miền <code>woocommerce</code> được kích hoạt quá sớm. Đây thường là dấu hiệu cho thấy một số mã trong plugin hoặc chủ đề chạy quá sớm. Bản dịch phải được tải tại hành động <code>init</code> hoặc sau đó. Vui lòng xem <a href="https://developer.wordpress.org/advanced-administration/debug/debug-wordpress/">Hướng dẫn Debug trong WordPress</a> để biết thêm thông tin. (Thông điệp này đã được thêm vào trong phiên bản 6.7.0.) in C:\xampp\htdocs\myphamskytechcongnguyen\wp-includes\functions.php on line 6131
[22-Mar-2026 12:06:16 UTC] PHP Parse error:  syntax error, unexpected single-quoted string "nonce", expecting "]" in C:\xampp\htdocs\myphamskytechcongnguyen\wp-content\themes\mypham-theme\functions.php on line 645
[22-Mar-2026 12:06:16 UTC] PHP Notice:  Function _load_textdomain_just_in_time được gọi <strong>không chính xác</strong>. Tải bản dịch cho miền <code>woocommerce</code> được kích hoạt quá sớm. Đây thường là dấu hiệu cho thấy một số mã trong plugin hoặc chủ đề chạy quá sớm. Bản dịch phải được tải tại hành động <code>init</code> hoặc sau đó. Vui lòng xem <a href="https://developer.wordpress.org/advanced-administration/debug/debug-wordpress/">Hướng dẫn Debug trong WordPress</a> để biết thêm thông tin. (Thông điệp này đã được thêm vào trong phiên bản 6.7.0.) in C:\xampp\htdocs\myphamskytechcongnguyen\wp-includes\functions.php on line 6131
[22-Mar-2026 12:06:16 UTC] PHP Parse error:  syntax error, unexpected single-quoted string "nonce", expecting "]" in C:\xampp\htdocs\myphamskytechcongnguyen\wp-content\themes\mypham-theme\functions.php on line 645
[22-Mar-2026 12:06:16 UTC] PHP Notice:  Function _load_textdomain_just_in_time được gọi <strong>không chính xác</strong>. Tải bản dịch cho miền <code>woocommerce</code> được kích hoạt quá sớm. Đây thường là dấu hiệu cho thấy một số mã trong plugin hoặc chủ đề chạy quá sớm. Bản dịch phải được tải tại hành động <code>init</code> hoặc sau đó. Vui lòng xem <a href="https://developer.wordpress.org/advanced-administration/debug/debug-wordpress/">Hướng dẫn Debug trong WordPress</a> để biết thêm thông tin. (Thông điệp này đã được thêm vào trong phiên bản 6.7.0.) in C:\xampp\htdocs\myphamskytechcongnguyen\wp-includes\functions.php on line 6131
[22-Mar-2026 12:06:16 UTC] PHP Parse error:  syntax error, unexpected single-quoted string "nonce", expecting "]" in C:\xampp\htdocs\myphamskytechcongnguyen\wp-content\themes\mypham-theme\functions.php on line 645
[22-Mar-2026 12:06:16 UTC] PHP Parse error:  syntax error, unexpected single-quoted string "nonce", expecting "]" in C:\xampp\htdocs\myphamskytechcongnguyen\wp-content\themes\mypham-theme\functions.php on line 645
[22-Mar-2026 12:06:16 UTC] PHP Notice:  Function _load_textdomain_just_in_time được gọi <strong>không chính xác</strong>. Tải bản dịch cho miền <code>woocommerce</code> được kích hoạt quá sớm. Đây thường là dấu hiệu cho thấy một số mã trong plugin hoặc chủ đề chạy quá sớm. Bản dịch phải được tải tại hành động <code>init</code> hoặc sau đó. Vui lòng xem <a href="https://developer.wordpress.org/advanced-administration/debug/debug-wordpress/">Hướng dẫn Debug trong WordPress</a> để biết thêm thông tin. (Thông điệp này đã được thêm vào trong phiên bản 6.7.0.) in C:\xampp\htdocs\myphamskytechcongnguyen\wp-includes\functions.php on line 6131
[22-Mar-2026 12:06:16 UTC] PHP Notice:  Function _load_textdomain_just_in_time được gọi <strong>không chính xác</strong>. Tải bản dịch cho miền <code>woocommerce</code> được kích hoạt quá sớm. Đây thường là dấu hiệu cho thấy một số mã trong plugin hoặc chủ đề chạy quá sớm. Bản dịch phải được tải tại hành động <code>init</code> hoặc sau đó. Vui lòng xem <a href="https://developer.wordpress.org/advanced-administration/debug/debug-wordpress/">Hướng dẫn Debug trong WordPress</a> để biết thêm thông tin. (Thông điệp này đã được thêm vào trong phiên bản 6.7.0.) in C:\xampp\htdocs\myphamskytechcongnguyen\wp-includes\functions.php on line 6131
[22-Mar-2026 12:06:17 UTC] PHP Parse error:  syntax error, unexpected single-quoted string "nonce", expecting "]" in C:\xampp\htdocs\myphamskytechcongnguyen\wp-content\themes\mypham-theme\functions.php on line 645
[22-Mar-2026 12:06:17 UTC] PHP Notice:  Function _load_textdomain_just_in_time được gọi <strong>không chính xác</strong>. Tải bản dịch cho miền <code>woocommerce</code> được kích hoạt quá sớm. Đây thường là dấu hiệu cho thấy một số mã trong plugin hoặc chủ đề chạy quá sớm. Bản dịch phải được tải tại hành động <code>init</code> hoặc sau đó. Vui lòng xem <a href="https://developer.wordpress.org/advanced-administration/debug/debug-wordpress/">Hướng dẫn Debug trong WordPress</a> để biết thêm thông tin. (Thông điệp này đã được thêm vào trong phiên bản 6.7.0.) in C:\xampp\htdocs\myphamskytechcongnguyen\wp-includes\functions.php on line 6131
[22-Mar-2026 12:06:25 UTC] PHP Parse error:  syntax error, unexpected single-quoted string "nonce", expecting "]" in C:\xampp\htdocs\myphamskytechcongnguyen\wp-content\themes\mypham-theme\functions.php on line 645
[22-Mar-2026 12:06:25 UTC] PHP Notice:  Function _load_textdomain_just_in_time được gọi <strong>không chính xác</strong>. Tải bản dịch cho miền <code>woocommerce</code> được kích hoạt quá sớm. Đây thường là dấu hiệu cho thấy một số mã trong plugin hoặc chủ đề chạy quá sớm. Bản dịch phải được tải tại hành động <code>init</code> hoặc sau đó. Vui lòng xem <a href="https://developer.wordpress.org/advanced-administration/debug/debug-wordpress/">Hướng dẫn Debug trong WordPress</a> để biết thêm thông tin. (Thông điệp này đã được thêm vào trong phiên bản 6.7.0.) in C:\xampp\htdocs\myphamskytechcongnguyen\wp-includes\functions.php on line 6131
[22-Mar-2026 12:06:54 UTC] PHP Parse error:  syntax error, unexpected single-quoted string "nonce", expecting "]" in C:\xampp\htdocs\myphamskytechcongnguyen\wp-content\themes\mypham-theme\functions.php on line 645
[22-Mar-2026 12:06:54 UTC] PHP Notice:  Function _load_textdomain_just_in_time được gọi <strong>không chính xác</strong>. Tải bản dịch cho miền <code>woocommerce</code> được kích hoạt quá sớm. Đây thường là dấu hiệu cho thấy một số mã trong plugin hoặc chủ đề chạy quá sớm. Bản dịch phải được tải tại hành động <code>init</code> hoặc sau đó. Vui lòng xem <a href="https://developer.wordpress.org/advanced-administration/debug/debug-wordpress/">Hướng dẫn Debug trong WordPress</a> để biết thêm thông tin. (Thông điệp này đã được thêm vào trong phiên bản 6.7.0.) in C:\xampp\htdocs\myphamskytechcongnguyen\wp-includes\functions.php on line 6131
[22-Mar-2026 12:07:13 UTC] PHP Parse error:  syntax error, unexpected single-quoted string "nonce", expecting "]" in C:\xampp\htdocs\myphamskytechcongnguyen\wp-content\themes\mypham-theme\functions.php on line 645
[22-Mar-2026 12:07:13 UTC] PHP Notice:  Function _load_textdomain_just_in_time được gọi <strong>không chính xác</strong>. Tải bản dịch cho miền <code>woocommerce</code> được kích hoạt quá sớm. Đây thường là dấu hiệu cho thấy một số mã trong plugin hoặc chủ đề chạy quá sớm. Bản dịch phải được tải tại hành động <code>init</code> hoặc sau đó. Vui lòng xem <a href="https://developer.wordpress.org/advanced-administration/debug/debug-wordpress/">Hướng dẫn Debug trong WordPress</a> để biết thêm thông tin. (Thông điệp này đã được thêm vào trong phiên bản 6.7.0.) in C:\xampp\htdocs\myphamskytechcongnguyen\wp-includes\functions.php on line 6131
[22-Mar-2026 12:08:55 UTC] PHP Parse error:  Unmatched '}' in C:\xampp\htdocs\myphamskytechcongnguyen\wp-content\themes\mypham-theme\functions.php on line 659
[22-Mar-2026 12:08:55 UTC] PHP Notice:  Function _load_textdomain_just_in_time được gọi <strong>không chính xác</strong>. Tải bản dịch cho miền <code>woocommerce</code> được kích hoạt quá sớm. Đây thường là dấu hiệu cho thấy một số mã trong plugin hoặc chủ đề chạy quá sớm. Bản dịch phải được tải tại hành động <code>init</code> hoặc sau đó. Vui lòng xem <a href="https://developer.wordpress.org/advanced-administration/debug/debug-wordpress/">Hướng dẫn Debug trong WordPress</a> để biết thêm thông tin. (Thông điệp này đã được thêm vào trong phiên bản 6.7.0.) in C:\xampp\htdocs\myphamskytechcongnguyen\wp-includes\functions.php on line 6131
[22-Mar-2026 12:09:13 UTC] PHP Parse error:  Unmatched '}' in C:\xampp\htdocs\myphamskytechcongnguyen\wp-content\themes\mypham-theme\functions.php on line 659
[22-Mar-2026 12:09:13 UTC] PHP Notice:  Function _load_textdomain_just_in_time được gọi <strong>không chính xác</strong>. Tải bản dịch cho miền <code>woocommerce</code> được kích hoạt quá sớm. Đây thường là dấu hiệu cho thấy một số mã trong plugin hoặc chủ đề chạy quá sớm. Bản dịch phải được tải tại hành động <code>init</code> hoặc sau đó. Vui lòng xem <a href="https://developer.wordpress.org/advanced-administration/debug/debug-wordpress/">Hướng dẫn Debug trong WordPress</a> để biết thêm thông tin. (Thông điệp này đã được thêm vào trong phiên bản 6.7.0.) in C:\xampp\htdocs\myphamskytechcongnguyen\wp-includes\functions.php on line 6131
[22-Mar-2026 12:09:25 UTC] PHP Parse error:  Unmatched '}' in C:\xampp\htdocs\myphamskytechcongnguyen\wp-content\themes\mypham-theme\functions.php on line 659
[22-Mar-2026 12:09:25 UTC] PHP Notice:  Function _load_textdomain_just_in_time được gọi <strong>không chính xác</strong>. Tải bản dịch cho miền <code>woocommerce</code> được kích hoạt quá sớm. Đây thường là dấu hiệu cho thấy một số mã trong plugin hoặc chủ đề chạy quá sớm. Bản dịch phải được tải tại hành động <code>init</code> hoặc sau đó. Vui lòng xem <a href="https://developer.wordpress.org/advanced-administration/debug/debug-wordpress/">Hướng dẫn Debug trong WordPress</a> để biết thêm thông tin. (Thông điệp này đã được thêm vào trong phiên bản 6.7.0.) in C:\xampp\htdocs\myphamskytechcongnguyen\wp-includes\functions.php on line 6131
[22-Mar-2026 12:23:49 UTC] PHP Fatal error:  Uncaught Error: Call to undefined function mypham_get_wishlist() in C:\xampp\htdocs\myphamskytechcongnguyen\wp-content\themes\mypham-theme\header.php:102
Stack trace:
#0 C:\xampp\htdocs\myphamskytechcongnguyen\wp-includes\template.php(814): require_once()
#1 C:\xampp\htdocs\myphamskytechcongnguyen\wp-includes\template.php(749): load_template('C:\\xampp\\htdocs...', true, Array)
#2 C:\xampp\htdocs\myphamskytechcongnguyen\wp-includes\general-template.php(48): locate_template(Array, true, true, Array)
#3 C:\xampp\htdocs\myphamskytechcongnguyen\wp-content\themes\mypham-theme\front-page.php(7): get_header()
#4 C:\xampp\htdocs\myphamskytechcongnguyen\wp-includes\template-loader.php(132): include('C:\\xampp\\htdocs...')
#5 C:\xampp\htdocs\myphamskytechcongnguyen\wp-blog-header.php(19): require_once('C:\\xampp\\htdocs...')
#6 C:\xampp\htdocs\myphamskytechcongnguyen\index.php(17): require('C:\\xampp\\htdocs...')
#7 {main}
  thrown in C:\xampp\htdocs\myphamskytechcongnguyen\wp-content\themes\mypham-theme\header.php on line 102
[22-Mar-2026 12:23:51 UTC] PHP Fatal error:  Uncaught Error: Call to undefined function mypham_get_wishlist() in C:\xampp\htdocs\myphamskytechcongnguyen\wp-content\themes\mypham-theme\header.php:102
Stack trace:
#0 C:\xampp\htdocs\myphamskytechcongnguyen\wp-includes\template.php(814): require_once()
#1 C:\xampp\htdocs\myphamskytechcongnguyen\wp-includes\template.php(749): load_template('C:\\xampp\\htdocs...', true, Array)
#2 C:\xampp\htdocs\myphamskytechcongnguyen\wp-includes\general-template.php(48): locate_template(Array, true, true, Array)
#3 C:\xampp\htdocs\myphamskytechcongnguyen\wp-content\themes\mypham-theme\404.php(8): get_header()
#4 C:\xampp\htdocs\myphamskytechcongnguyen\wp-includes\template-loader.php(132): include('C:\\xampp\\htdocs...')
#5 C:\xampp\htdocs\myphamskytechcongnguyen\wp-blog-header.php(19): require_once('C:\\xampp\\htdocs...')
#6 C:\xampp\htdocs\myphamskytechcongnguyen\index.php(17): require('C:\\xampp\\htdocs...')
#7 {main}
  thrown in C:\xampp\htdocs\myphamskytechcongnguyen\wp-content\themes\mypham-theme\header.php on line 102
[22-Mar-2026 12:28:29 UTC] PHP Fatal error:  Uncaught Error: Call to undefined function mypham_get_wishlist() in C:\xampp\htdocs\myphamskytechcongnguyen\wp-content\themes\mypham-theme\header.php:102
Stack trace:
#0 C:\xampp\htdocs\myphamskytechcongnguyen\wp-includes\template.php(814): require_once()
#1 C:\xampp\htdocs\myphamskytechcongnguyen\wp-includes\template.php(749): load_template('C:\\xampp\\htdocs...', true, Array)
#2 C:\xampp\htdocs\myphamskytechcongnguyen\wp-includes\general-template.php(48): locate_template(Array, true, true, Array)
#3 C:\xampp\htdocs\myphamskytechcongnguyen\wp-content\themes\mypham-theme\front-page.php(7): get_header()
#4 C:\xampp\htdocs\myphamskytechcongnguyen\wp-includes\template-loader.php(132): include('C:\\xampp\\htdocs...')
#5 C:\xampp\htdocs\myphamskytechcongnguyen\wp-blog-header.php(19): require_once('C:\\xampp\\htdocs...')
#6 C:\xampp\htdocs\myphamskytechcongnguyen\index.php(17): require('C:\\xampp\\htdocs...')
#7 {main}
  thrown in C:\xampp\htdocs\myphamskytechcongnguyen\wp-content\themes\mypham-theme\header.php on line 102
[22-Mar-2026 12:28:31 UTC] PHP Fatal error:  Uncaught Error: Call to undefined function mypham_get_wishlist() in C:\xampp\htdocs\myphamskytechcongnguyen\wp-content\themes\mypham-theme\header.php:102
Stack trace:
#0 C:\xampp\htdocs\myphamskytechcongnguyen\wp-includes\template.php(814): require_once()
#1 C:\xampp\htdocs\myphamskytechcongnguyen\wp-includes\template.php(749): load_template('C:\\xampp\\htdocs...', true, Array)
#2 C:\xampp\htdocs\myphamskytechcongnguyen\wp-includes\general-template.php(48): locate_template(Array, true, true, Array)
#3 C:\xampp\htdocs\myphamskytechcongnguyen\wp-content\themes\mypham-theme\404.php(8): get_header()
#4 C:\xampp\htdocs\myphamskytechcongnguyen\wp-includes\template-loader.php(132): include('C:\\xampp\\htdocs...')
#5 C:\xampp\htdocs\myphamskytechcongnguyen\wp-blog-header.php(19): require_once('C:\\xampp\\htdocs...')
#6 C:\xampp\htdocs\myphamskytechcongnguyen\index.php(17): require('C:\\xampp\\htdocs...')
#7 {main}
  thrown in C:\xampp\htdocs\myphamskytechcongnguyen\wp-content\themes\mypham-theme\header.php on line 102
[22-Mar-2026 12:28:49 UTC] PHP Fatal error:  Uncaught Error: Call to undefined function mypham_get_wishlist() in C:\xampp\htdocs\myphamskytechcongnguyen\wp-content\themes\mypham-theme\header.php:102
Stack trace:
#0 C:\xampp\htdocs\myphamskytechcongnguyen\wp-includes\template.php(814): require_once()
#1 C:\xampp\htdocs\myphamskytechcongnguyen\wp-includes\template.php(749): load_template('C:\\xampp\\htdocs...', true, Array)
#2 C:\xampp\htdocs\myphamskytechcongnguyen\wp-includes\general-template.php(48): locate_template(Array, true, true, Array)
#3 C:\xampp\htdocs\myphamskytechcongnguyen\wp-content\themes\mypham-theme\front-page.php(7): get_header()
#4 C:\xampp\htdocs\myphamskytechcongnguyen\wp-includes\template-loader.php(132): include('C:\\xampp\\htdocs...')
#5 C:\xampp\htdocs\myphamskytechcongnguyen\wp-blog-header.php(19): require_once('C:\\xampp\\htdocs...')
#6 C:\xampp\htdocs\myphamskytechcongnguyen\index.php(17): require('C:\\xampp\\htdocs...')
#7 {main}
  thrown in C:\xampp\htdocs\myphamskytechcongnguyen\wp-content\themes\mypham-theme\header.php on line 102
[22-Mar-2026 12:35:22 UTC] PHP Fatal error:  Uncaught Error: Call to undefined function mypham_get_cart() in C:\xampp\htdocs\myphamskytechcongnguyen\wp-content\themes\mypham-theme\functions.php:420
Stack trace:
#0 C:\xampp\htdocs\myphamskytechcongnguyen\wp-content\themes\mypham-theme\header.php(196): mypham_get_mini_cart_html()
#1 C:\xampp\htdocs\myphamskytechcongnguyen\wp-includes\template.php(814): require_once('C:\\xampp\\htdocs...')
#2 C:\xampp\htdocs\myphamskytechcongnguyen\wp-includes\template.php(749): load_template('C:\\xampp\\htdocs...', true, Array)
#3 C:\xampp\htdocs\myphamskytechcongnguyen\wp-includes\general-template.php(48): locate_template(Array, true, true, Array)
#4 C:\xampp\htdocs\myphamskytechcongnguyen\wp-content\themes\mypham-theme\front-page.php(7): get_header()
#5 C:\xampp\htdocs\myphamskytechcongnguyen\wp-includes\template-loader.php(132): include('C:\\xampp\\htdocs...')
#6 C:\xampp\htdocs\myphamskytechcongnguyen\wp-blog-header.php(19): require_once('C:\\xampp\\htdocs...')
#7 C:\xampp\htdocs\myphamskytechcongnguyen\index.php(17): require('C:\\xampp\\htdocs...')
#8 {main}
  thrown in C:\xampp\htdocs\myphamskytechcongnguyen\wp-content\themes\mypham-theme\functions.php on line 420
[22-Mar-2026 12:35:23 UTC] PHP Fatal error:  Uncaught Error: Call to undefined function mypham_get_cart() in C:\xampp\htdocs\myphamskytechcongnguyen\wp-content\themes\mypham-theme\functions.php:420
Stack trace:
#0 C:\xampp\htdocs\myphamskytechcongnguyen\wp-content\themes\mypham-theme\header.php(196): mypham_get_mini_cart_html()
#1 C:\xampp\htdocs\myphamskytechcongnguyen\wp-includes\template.php(814): require_once('C:\\xampp\\htdocs...')
#2 C:\xampp\htdocs\myphamskytechcongnguyen\wp-includes\template.php(749): load_template('C:\\xampp\\htdocs...', true, Array)
#3 C:\xampp\htdocs\myphamskytechcongnguyen\wp-includes\general-template.php(48): locate_template(Array, true, true, Array)
#4 C:\xampp\htdocs\myphamskytechcongnguyen\wp-content\themes\mypham-theme\404.php(8): get_header()
#5 C:\xampp\htdocs\myphamskytechcongnguyen\wp-includes\template-loader.php(132): include('C:\\xampp\\htdocs...')
#6 C:\xampp\htdocs\myphamskytechcongnguyen\wp-blog-header.php(19): require_once('C:\\xampp\\htdocs...')
#7 C:\xampp\htdocs\myphamskytechcongnguyen\index.php(17): require('C:\\xampp\\htdocs...')
#8 {main}
  thrown in C:\xampp\htdocs\myphamskytechcongnguyen\wp-content\themes\mypham-theme\functions.php on line 420
[22-Mar-2026 12:35:37 UTC] PHP Fatal error:  Uncaught Error: Call to undefined function mypham_get_cart() in C:\xampp\htdocs\myphamskytechcongnguyen\wp-content\themes\mypham-theme\functions.php:420
Stack trace:
#0 C:\xampp\htdocs\myphamskytechcongnguyen\wp-content\themes\mypham-theme\header.php(196): mypham_get_mini_cart_html()
#1 C:\xampp\htdocs\myphamskytechcongnguyen\wp-includes\template.php(814): require_once('C:\\xampp\\htdocs...')
#2 C:\xampp\htdocs\myphamskytechcongnguyen\wp-includes\template.php(749): load_template('C:\\xampp\\htdocs...', true, Array)
#3 C:\xampp\htdocs\myphamskytechcongnguyen\wp-includes\general-template.php(48): locate_template(Array, true, true, Array)
#4 C:\xampp\htdocs\myphamskytechcongnguyen\wp-content\themes\mypham-theme\front-page.php(7): get_header()
#5 C:\xampp\htdocs\myphamskytechcongnguyen\wp-includes\template-loader.php(132): include('C:\\xampp\\htdocs...')
#6 C:\xampp\htdocs\myphamskytechcongnguyen\wp-blog-header.php(19): require_once('C:\\xampp\\htdocs...')
#7 C:\xampp\htdocs\myphamskytechcongnguyen\index.php(17): require('C:\\xampp\\htdocs...')
#8 {main}
  thrown in C:\xampp\htdocs\myphamskytechcongnguyen\wp-content\themes\mypham-theme\functions.php on line 420
[22-Mar-2026 12:35:38 UTC] PHP Fatal error:  Uncaught Error: Call to undefined function mypham_get_cart() in C:\xampp\htdocs\myphamskytechcongnguyen\wp-content\themes\mypham-theme\functions.php:420
Stack trace:
#0 C:\xampp\htdocs\myphamskytechcongnguyen\wp-content\themes\mypham-theme\header.php(196): mypham_get_mini_cart_html()
#1 C:\xampp\htdocs\myphamskytechcongnguyen\wp-includes\template.php(814): require_once('C:\\xampp\\htdocs...')
#2 C:\xampp\htdocs\myphamskytechcongnguyen\wp-includes\template.php(749): load_template('C:\\xampp\\htdocs...', true, Array)
#3 C:\xampp\htdocs\myphamskytechcongnguyen\wp-includes\general-template.php(48): locate_template(Array, true, true, Array)
#4 C:\xampp\htdocs\myphamskytechcongnguyen\wp-content\themes\mypham-theme\404.php(8): get_header()
#5 C:\xampp\htdocs\myphamskytechcongnguyen\wp-includes\template-loader.php(132): include('C:\\xampp\\htdocs...')
#6 C:\xampp\htdocs\myphamskytechcongnguyen\wp-blog-header.php(19): require_once('C:\\xampp\\htdocs...')
#7 C:\xampp\htdocs\myphamskytechcongnguyen\index.php(17): require('C:\\xampp\\htdocs...')
#8 {main}
  thrown in C:\xampp\htdocs\myphamskytechcongnguyen\wp-content\themes\mypham-theme\functions.php on line 420
[22-Mar-2026 12:35:47 UTC] PHP Fatal error:  Uncaught Error: Call to undefined function mypham_get_cart() in C:\xampp\htdocs\myphamskytechcongnguyen\wp-content\themes\mypham-theme\functions.php:420
Stack trace:
#0 C:\xampp\htdocs\myphamskytechcongnguyen\wp-content\themes\mypham-theme\header.php(196): mypham_get_mini_cart_html()
#1 C:\xampp\htdocs\myphamskytechcongnguyen\wp-includes\template.php(814): require_once('C:\\xampp\\htdocs...')
#2 C:\xampp\htdocs\myphamskytechcongnguyen\wp-includes\template.php(749): load_template('C:\\xampp\\htdocs...', true, Array)
#3 C:\xampp\htdocs\myphamskytechcongnguyen\wp-includes\general-template.php(48): locate_template(Array, true, true, Array)
#4 C:\xampp\htdocs\myphamskytechcongnguyen\wp-content\themes\mypham-theme\archive-product.php(2): get_header()
#5 C:\xampp\htdocs\myphamskytechcongnguyen\wp-includes\template-loader.php(132): include('C:\\xampp\\htdocs...')
#6 C:\xampp\htdocs\myphamskytechcongnguyen\wp-blog-header.php(19): require_once('C:\\xampp\\htdocs...')
#7 C:\xampp\htdocs\myphamskytechcongnguyen\index.php(17): require('C:\\xampp\\htdocs...')
#8 {main}
  thrown in C:\xampp\htdocs\myphamskytechcongnguyen\wp-content\themes\mypham-theme\functions.php on line 420
[22-Mar-2026 12:35:48 UTC] PHP Fatal error:  Uncaught Error: Call to undefined function mypham_get_cart() in C:\xampp\htdocs\myphamskytechcongnguyen\wp-content\themes\mypham-theme\functions.php:420
Stack trace:
#0 C:\xampp\htdocs\myphamskytechcongnguyen\wp-content\themes\mypham-theme\header.php(196): mypham_get_mini_cart_html()
#1 C:\xampp\htdocs\myphamskytechcongnguyen\wp-includes\template.php(814): require_once('C:\\xampp\\htdocs...')
#2 C:\xampp\htdocs\myphamskytechcongnguyen\wp-includes\template.php(749): load_template('C:\\xampp\\htdocs...', true, Array)
#3 C:\xampp\htdocs\myphamskytechcongnguyen\wp-includes\general-template.php(48): locate_template(Array, true, true, Array)
#4 C:\xampp\htdocs\myphamskytechcongnguyen\wp-content\themes\mypham-theme\404.php(8): get_header()
#5 C:\xampp\htdocs\myphamskytechcongnguyen\wp-includes\template-loader.php(132): include('C:\\xampp\\htdocs...')
#6 C:\xampp\htdocs\myphamskytechcongnguyen\wp-blog-header.php(19): require_once('C:\\xampp\\htdocs...')
#7 C:\xampp\htdocs\myphamskytechcongnguyen\index.php(17): require('C:\\xampp\\htdocs...')
#8 {main}
  thrown in C:\xampp\htdocs\myphamskytechcongnguyen\wp-content\themes\mypham-theme\functions.php on line 420
[22-Mar-2026 12:35:54 UTC] PHP Fatal error:  Uncaught Error: Call to undefined function mypham_get_cart() in C:\xampp\htdocs\myphamskytechcongnguyen\wp-content\themes\mypham-theme\functions.php:420
Stack trace:
#0 C:\xampp\htdocs\myphamskytechcongnguyen\wp-content\themes\mypham-theme\header.php(196): mypham_get_mini_cart_html()
#1 C:\xampp\htdocs\myphamskytechcongnguyen\wp-includes\template.php(814): require_once('C:\\xampp\\htdocs...')
#2 C:\xampp\htdocs\myphamskytechcongnguyen\wp-includes\template.php(749): load_template('C:\\xampp\\htdocs...', true, Array)
#3 C:\xampp\htdocs\myphamskytechcongnguyen\wp-includes\general-template.php(48): locate_template(Array, true, true, Array)
#4 C:\xampp\htdocs\myphamskytechcongnguyen\wp-content\themes\mypham-theme\front-page.php(7): get_header()
#5 C:\xampp\htdocs\myphamskytechcongnguyen\wp-includes\template-loader.php(132): include('C:\\xampp\\htdocs...')
#6 C:\xampp\htdocs\myphamskytechcongnguyen\wp-blog-header.php(19): require_once('C:\\xampp\\htdocs...')
#7 C:\xampp\htdocs\myphamskytechcongnguyen\index.php(17): require('C:\\xampp\\htdocs...')
#8 {main}
  thrown in C:\xampp\htdocs\myphamskytechcongnguyen\wp-content\themes\mypham-theme\functions.php on line 420
[22-Mar-2026 12:35:54 UTC] PHP Fatal error:  Uncaught Error: Call to undefined function mypham_get_cart() in C:\xampp\htdocs\myphamskytechcongnguyen\wp-content\themes\mypham-theme\functions.php:420
Stack trace:
#0 C:\xampp\htdocs\myphamskytechcongnguyen\wp-content\themes\mypham-theme\header.php(196): mypham_get_mini_cart_html()
#1 C:\xampp\htdocs\myphamskytechcongnguyen\wp-includes\template.php(814): require_once('C:\\xampp\\htdocs...')
#2 C:\xampp\htdocs\myphamskytechcongnguyen\wp-includes\template.php(749): load_template('C:\\xampp\\htdocs...', true, Array)
#3 C:\xampp\htdocs\myphamskytechcongnguyen\wp-includes\general-template.php(48): locate_template(Array, true, true, Array)
#4 C:\xampp\htdocs\myphamskytechcongnguyen\wp-content\themes\mypham-theme\404.php(8): get_header()
#5 C:\xampp\htdocs\myphamskytechcongnguyen\wp-includes\template-loader.php(132): include('C:\\xampp\\htdocs...')
#6 C:\xampp\htdocs\myphamskytechcongnguyen\wp-blog-header.php(19): require_once('C:\\xampp\\htdocs...')
#7 C:\xampp\htdocs\myphamskytechcongnguyen\index.php(17): require('C:\\xampp\\htdocs...')
#8 {main}
  thrown in C:\xampp\htdocs\myphamskytechcongnguyen\wp-content\themes\mypham-theme\functions.php on line 420
[22-Mar-2026 13:01:12 UTC] PHP Warning:  Undefined variable $category_image in C:\xampp\htdocs\myphamskytechcongnguyen\wp-content\themes\mypham-theme\archive-news.php on line 33
[22-Mar-2026 13:01:31 UTC] PHP Warning:  Undefined variable $category_image in C:\xampp\htdocs\myphamskytechcongnguyen\wp-content\themes\mypham-theme\archive-news.php on line 33
[22-Mar-2026 13:01:43 UTC] PHP Warning:  Undefined variable $has_price in C:\xampp\htdocs\myphamskytechcongnguyen\wp-content\themes\mypham-theme\single-product.php on line 52
[22-Mar-2026 13:01:50 UTC] PHP Warning:  Undefined variable $category_image in C:\xampp\htdocs\myphamskytechcongnguyen\wp-content\themes\mypham-theme\archive-news.php on line 33
[22-Mar-2026 13:07:34 UTC] PHP Warning:  Undefined variable $category_image in C:\xampp\htdocs\myphamskytechcongnguyen\wp-content\themes\mypham-theme\archive-news.php on line 33
[22-Mar-2026 13:07:55 UTC] PHP Warning:  Undefined variable $category_image in C:\xampp\htdocs\myphamskytechcongnguyen\wp-content\themes\mypham-theme\archive-news.php on line 33
[22-Mar-2026 13:08:06 UTC] PHP Warning:  Undefined variable $category_image in C:\xampp\htdocs\myphamskytechcongnguyen\wp-content\themes\mypham-theme\archive-news.php on line 33
[22-Mar-2026 13:08:18 UTC] PHP Warning:  Undefined variable $category_image in C:\xampp\htdocs\myphamskytechcongnguyen\wp-content\themes\mypham-theme\archive-news.php on line 33
[22-Mar-2026 13:08:31 UTC] PHP Warning:  Undefined variable $category_image in C:\xampp\htdocs\myphamskytechcongnguyen\wp-content\themes\mypham-theme\archive-news.php on line 33
[22-Mar-2026 13:10:09 UTC] PHP Warning:  Undefined variable $category_image in C:\xampp\htdocs\myphamskytechcongnguyen\wp-content\themes\mypham-theme\archive-news.php on line 33
[22-Mar-2026 13:10:33 UTC] PHP Warning:  Undefined variable $category_image in C:\xampp\htdocs\myphamskytechcongnguyen\wp-content\themes\mypham-theme\archive-news.php on line 33
[22-Mar-2026 13:11:11 UTC] PHP Warning:  Undefined variable $category_image in C:\xampp\htdocs\myphamskytechcongnguyen\wp-content\themes\mypham-theme\archive-news.php on line 33
[22-Mar-2026 13:11:29 UTC] PHP Warning:  Undefined variable $category_image in C:\xampp\htdocs\myphamskytechcongnguyen\wp-content\themes\mypham-theme\archive-news.php on line 33
[22-Mar-2026 13:11:53 UTC] PHP Warning:  Undefined variable $category_image in C:\xampp\htdocs\myphamskytechcongnguyen\wp-content\themes\mypham-theme\archive-news.php on line 33
